Timestamp,UTC,Latitude_GPS,Longitude_GPS,Latitude_Tel,Longitude_Tel,distance,Latitude_corrigée,Longitude_corrigée,time_diff,lat_diff,lon_diff,distance_diff,vitesse,acceleration,z_vitesse,z_acceleration,aberrant_vitesse,aberrant_acceleration,aberrant
1741798922.7964897,2025-03-12 17:02:02+00:00,49.38460066666666,1.0685733333333334,49.38465333,1.06845167,10.598927576533741,49.38462699833333,1.0685125016666666,,,,,,,,,False,False,False
1741798923.8466733,2025-03-12 17:02:03+00:00,49.38460116666666,1.0685725,49.38466,1.06845667,10.655663005414292,49.38463058333333,1.068514585,1.0,5.000000058430487e-07,-8.33333333449815e-07,0.0821781326943232,0.0821781326943232,,1.7970908362569509,,False,False,False
1741798924.8968108,2025-03-12 17:02:04+00:00,49.38460966666667,1.0685725,49.38466833,1.06846833,9.988644384195315,49.38463899833333,1.068520415,1.0,8.500000006961272e-06,0.0,0.9453460535847188,0.9453460535847188,0.8631679208903956,0.04500623743918293,2.4253185317679735,False,False,False
1741798925.946896,2025-03-12 17:02:05+00:00,49.38461633333333,1.068571,49.384675,1.06848,9.285873337006521,49.384645666666664,1.0685255,1.0,6.666666656940379e-06,-1.4999999999876223e-06,0.74940401187978,0.74940401187978,-0.19594204170493879,0.44273537591086726,0.5899039572463438,False,False,False
1741798926.999147,2025-03-12 17:02:06+00:00,49.38461683333333,1.0685711666666666,49.38467833,1.06848667,9.187875942416188,49.38464758166667,1.0685289183333333,1.0,5.000000058430487e-07,1.66666666689963e-07,0.05691003971519186,0.05691003971519186,-0.6924939721645882,1.8483807828348577,2.003557497070013,False,False,False
1741798928.1076822,2025-03-12 17:02:07+00:00,49.384617166666665,1.068571333333333,49.384685,1.06848667,9.73152391802441,49.38465108333333,1.0685290016666666,1.0,3.3333333249174757e-07,1.666666664679184e-07,0.038997430097205736,0.038997430097205736,-0.017912609617986124,1.8847403447193334,0.08306485054999115,False,False,False
1741798929.211918,2025-03-12 17:02:08+00:00,49.38461733333333,1.068571333333333,49.384695,1.06849167,10.395597370516816,49.384656166666666,1.0685315016666665,1.0,1.6666666624587378e-07,0.0,0.018536197363130648,0.018536197363130648,-0.020461232734075088,1.926273179615721,0.09032062757697899,False,False,False
1741798930.320933,2025-03-12 17:02:09+00:00,49.38462333333333,1.068579333333333,49.3847,1.06848833,10.787128252454247,49.384661666666666,1.0685338316666666,1.0,5.999999999062311e-06,8.000000000008e-06,0.8846945610224233,0.8846945610224233,0.8661583636592927,0.16811848876577273,2.4338321428256893,False,False,False
1741798931.428311,2025-03-12 17:02:11+00:00,49.38464433333333,1.0685891666666667,49.38472833,1.06850833,11.032633339077075,49.384686331666664,1.0685487483333334,2.0,2.099999999671809e-05,9.833333333597594e-06,2.44225135490721,1.221125677453605,0.16821555821559087,0.5147796627944605,0.44683087067953625,False,False,False
1741798932.5322888,2025-03-12 17:02:12+00:00,49.384652333333335,1.0685881666666666,49.38474167,1.06851667,11.210147488766728,49.384697001666666,1.0685524183333333,1.0,8.000000008223651e-06,-1.000000000139778e-06,0.8926950742505632,0.8926950742505632,-0.32843060320304185,0.15187880275519677,0.9670909390280186,False,False,False
1741798933.6364243,2025-03-12 17:02:13+00:00,49.3846575,1.0685838333333333,49.38475833,1.06853167,11.836336039892645,49.384707915,1.0685577516666667,1.0,5.166666667832942e-06,-4.333333333272904e-06,0.6551197646858309,0.6551197646858309,-0.23757530956473227,0.6341164194154043,0.7084313717504884,False,False,False
1741798934.746207,2025-03-12 17:02:14+00:00,49.38466416666667,1.0685831666666668,49.38477333,1.06854,12.538862368282258,49.384718748333334,1.0685615833333335,1.0,6.666666664045806e-06,-6.666666665378074e-07,0.7430262208925925,0.7430262208925925,0.08790645620676163,0.4556812107741498,0.21819567792185324,False,False,False
1741798935.8550751,2025-03-12 17:02:15+00:00,49.3846745,1.0685878333333334,49.38478333,1.068545,12.496925141517183,49.384728915,1.0685664166666666,1.0,1.0333333335665884e-05,4.66666666665283e-06,1.1981522253294008,1.1981522253294008,0.4551260044368083,0.4681474482805402,1.2636476888873782,False,False,False
1741798936.9578626,2025-03-12 17:02:16+00:00,49.38468566666667,1.068590666666667,49.38479333,1.06855167,12.30422222228235,49.38473949833333,1.0685711683333334,1.0,1.1166666666895253e-05,2.8333333335073263e-06,1.258848075392588,1.258848075392588,0.06069585006318712,0.5913497378166989,0.1407287155841897,False,False,False
1741798938.06763,2025-03-12 17:02:17+00:00,49.38469633333333,1.0685873333333331,49.38480167,1.06856833,11.796218909206008,49.38474900166666,1.0685778316666665,1.0,1.0666666661052204e-05,-3.33333333379926e-06,1.2107525840297064,1.2107525840297064,-0.04809549136288149,0.49372404106634676,0.16899370310978964,False,False,False
1741798939.1768858,2025-03-12 17:02:18+00:00,49.384708,1.0685795,49.38480667,1.06858667,10.986140938118462,49.384757335,1.068583085,1.0,1.1666666672738302e-05,-7.833333333095993e-06,1.416711849015835,1.416711849015835,0.2059592649861286,0.9117864451855622,0.5542849382386857,False,False,False
1741798940.28637,2025-03-12 17:02:19+00:00,49.38471933333333,1.068574,49.384815,1.06859167,10.716848530688592,49.38476716666666,1.068582835,1.0,1.13333333260357e-05,-5.500000000102645e-06,1.3222073921253685,1.3222073921253685,-0.09450445689046649,0.7199584133159102,0.3011172422064852,False,False,False
1741798941.395672,2025-03-12 17:02:21+00:00,49.384739833333335,1.0685628333333332,49.38484,1.06859833,11.434495548423342,49.38478991666666,1.0685805816666667,2.0,2.0500000005085894e-05,-1.1166666666673208e-05,2.4198214045825304,1.2099107022912652,-0.056148344917051674,0.4920151638105432,0.19191969379518758,False,False,False
1741798942.5042355,2025-03-12 17:02:22+00:00,49.3847475,1.0685636666666667,49.38485333,1.06859167,11.944437940769872,49.384800415,1.0685776683333335,1.0,7.666666668626476e-06,8.33333333449815e-07,0.8548091377333795,0.8548091377333795,-0.35510156455788566,0.22878083337639024,1.0430215650450674,False,False,False
1741798943.6098306,2025-03-12 17:02:23+00:00,49.38475733333333,1.0685653333333334,49.38485833,1.06859167,11.39416835355275,49.38480783166666,1.0685785016666667,1.0,9.833333329822835e-06,1.6666666666775853e-06,1.1003102211668303,1.1003102211668303,0.24550108343345078,0.26954476106080577,0.6668581218075779,False,False,False
1741798944.6816912,2025-03-12 17:02:24+00:00,49.3847685,1.0685636666666667,49.38486667,1.068595,11.152691633018716,49.384817585,1.0685793333333333,1.0,1.1166666666895253e-05,-1.6666666666775853e-06,1.2478068482524953,1.2478068482524953,0.14749662708566502,0.5689379178729623,0.38784531743423967,False,False,False
1741798945.7317102,2025-03-12 17:02:25+00:00,49.3847805,1.0685615,49.38487833,1.06859,11.075402615284037,49.384829415,1.06857575,1.0,1.1999999998124622e-05,-2.1666666667474743e-06,1.3438457897255585,1.3438457897255585,0.09603894147306313,0.7638806933970327,0.24134837531168885,False,False,False
1741798946.781629,2025-03-12 17:02:26+00:00,49.384789,1.0685638333333334,49.384885,1.06859167,10.866464536269941,49.384837,1.0685777516666666,1.0,8.499999999855845e-06,2.3333333334374373e-06,0.9604065256183784,0.9604065256183784,-0.3834392641071801,0.01443603150071263,1.1236972946535235,False,False,False
1741798947.8316648,2025-03-12 17:02:27+00:00,49.3847975,1.0685716666666667,49.38489167,1.06860833,10.806326237504258,49.384844584999996,1.0685899983333333,1.0,8.499999999855845e-06,7.833333333318038e-06,1.1032481420917828,1.1032481420917828,0.14284161647340443,0.2755082426506265,0.374592781644383,False,False,False
1741798948.8839405,2025-03-12 17:02:28+00:00,49.384813,1.0685778333333331,49.3849,1.0686,9.808835355517347,49.3848565,1.0685889166666667,1.0,1.5500000003498826e-05,6.166666666418408e-06,1.7810632235145083,1.7810632235145083,0.6778150814227255,1.6513579889921242,1.897630123856059,False,False,False
1741798949.9896643,2025-03-12 17:02:29+00:00,49.38482616666666,1.0685811666666667,49.38491167,1.06860667,9.688047373823174,49.38486891833333,1.0685939183333333,1.0,1.3166666661845738e-05,3.3333333335772153e-06,1.4842248727745324,1.4842248727745324,-0.2968383507399759,1.048826442020954,0.8771496926329542,False,False,False
1741798951.093949,2025-03-12 17:02:30+00:00,49.38483683333333,1.068584166666667,49.38492333,1.06860667,9.75768226776391,49.384880081666665,1.0685954183333335,1.0,1.0666666668157632e-05,3.0000000001972893e-06,1.2061477658418809,1.2061477658418809,-0.27807710693265153,0.48437704052105013,0.8237375576822993,False,False,False
1741798952.2025049,2025-03-12 17:02:31+00:00,49.3848495,1.068584,49.38493167,1.06864,10.002405529927172,49.384890585,1.068612,1.0,1.2666666670213544e-05,-1.666666669120076e-07,1.4088030133913714,1.4088030133913714,0.2026552475494905,0.8957328491738962,0.5448785989246507,False,False,False
1741798953.311902,2025-03-12 17:02:32+00:00,49.3848645,1.068584166666667,49.38494333,1.06865333,10.103568445176398,49.384903914999995,1.0686187483333334,1.0,1.4999999997655777e-05,1.666666669120076e-07,1.6683017014663972,1.6683017014663972,0.25949868807502585,1.4224712088671796,0.7067084619971682,False,False,False
1741798954.4181468,2025-03-12 17:02:34+00:00,49.38489216666667,1.068586,49.38495833,1.06866833,9.480511900058978,49.38492524833333,1.068627165,2.0,2.7666666667869322e-05,1.8333333331455037e-06,3.0798867321204564,1.5399433660602282,-0.06417916770308452,1.1619255408087032,0.21478296420612492,False,False,False
1741798955.527182,2025-03-12 17:02:35+00:00,49.3849055,1.0685876666666667,49.38496167,1.06867,8.646464209960817,49.384933585,1.0686288333333334,1.0,1.333333333519704e-05,1.6666666666775853e-06,1.4878251349817457,1.4878251349817457,-0.05211823107848246,1.056134364167154,0.18044620160976413,False,False,False
1741798956.6368203,2025-03-12 17:02:36+00:00,49.38491966666667,1.068588833333333,49.384965,1.06866667,7.573562272928606,49.384942333333335,1.0686277516666665,1.0,1.4166666666426408e-05,1.1666666663856518e-06,1.5778522455819735,1.5778522455819735,0.09002711060022772,1.2388741418410185,0.2242330536849298,False,False,False
1741798957.7453532,2025-03-12 17:02:37+00:00,49.38493116666667,1.0685876666666667,49.38497167,1.06866167,7.0115802524124975,49.38495141833333,1.0686246683333334,1.0,1.1499999999387e-05,-1.1666666663856518e-06,1.2817996633260553,1.2817996633260553,-0.29605258225591813,0.6379375717287358,0.8749126569256478,False,False,False
1741798958.8512511,2025-03-12 17:02:38+00:00,49.38494433333333,1.0685891666666667,49.384975,1.06865167,5.676903453404473,49.38495966666666,1.0686204183333334,1.0,1.3166666661845738e-05,1.4999999999876223e-06,1.4684040496046764,1.4684040496046764,0.18660438627862108,1.0167128521322912,0.4991827603609397,False,False,False
1741798959.9603086,2025-03-12 17:02:39+00:00,49.3849565,1.0685926666666667,49.38498167,1.06865,5.016454849763982,49.384969085,1.0686213333333334,1.0,1.2166666671475923e-05,3.5000000000451337e-06,1.3767978932037757,1.3767978932037757,-0.09160615640090075,0.8307678790830781,0.2928659546870619,False,False,False
1741798961.0691438,2025-03-12 17:02:40+00:00,49.3849665,1.0685941666666667,49.38499,1.06865,4.823337920528265,49.38497825,1.0686220833333335,1.0,9.999999996068709e-06,1.4999999999876223e-06,1.1174916396374166,1.1174916396374166,-0.25930625356635906,0.30442012883061875,0.7702980648940889,False,False,False
1741798962.1743586,2025-03-12 17:02:41+00:00,49.38497566666667,1.068596,49.38499667,1.06864,3.9575882104100972,49.384986168333334,1.068618,1.0,9.166666671944768e-06,1.8333333333675483e-06,1.028144126290857,1.028144126290857,-0.08934751334655955,0.1230598184107302,0.2864357334894282,False,False,False
1741798963.2840586,2025-03-12 17:02:42+00:00,49.384985666666665,1.0685965,49.38500333,1.06862833,3.033166544752537,49.384994498333334,1.068612415,1.0,9.999999996068709e-06,4.999999998478444e-07,1.112764238009896,1.112764238009896,0.08462011171903905,0.294824304676889,0.2088396524325383,False,False,False
1741798964.3933964,2025-03-12 17:02:43+00:00,49.38499766666666,1.0685971666666667,49.38501333,1.068615,2.17053154815144,49.38500549833333,1.0686060833333335,1.0,1.1999999998124622e-05,6.66666666759852e-07,1.3354837660188341,1.3354837660188341,0.22271952800893802,0.7469072023799109,0.6020004010073792,False,False,False
1741798965.5007806,2025-03-12 17:02:45+00:00,49.3850205,1.0685963333333333,49.385035,1.06860167,1.6585458248797378,49.385027750000006,1.0685990016666667,2.0,2.2833333339633555e-05,-8.33333333449815e-07,2.5401798787313727,1.2700899393656864,-0.03269691332657387,0.6141688165296243,0.12515487576070095,False,False,False
1741798966.6096382,2025-03-12 17:02:46+00:00,49.38503433333333,1.0685913333333332,49.38504667,1.06858833,1.3892695542202471,49.385040501666666,1.0685898316666667,1.0,1.3833333326829234e-05,-5.000000000032756e-06,1.580755267782495,1.580755267782495,0.3106653284168086,1.2447667849345119,0.8523768157040793,False,False,False
1741798967.718603,2025-03-12 17:02:47+00:00,49.385047166666666,1.0685875,49.38506,1.06857333,1.7594420339520025,49.38505358333333,1.068580415,1.0,1.2833333336459418e-05,-3.833333333203015e-06,1.4541708620411673,1.4541708620411673,-0.12658440574132768,0.9878218934687852,0.39244693094297356,False,False,False
1741798968.826836,2025-03-12 17:02:48+00:00,49.38505883333333,1.0685785,49.38508,1.06854333,3.47309894639546,49.38506941666667,1.068560915,1.0,1.1666666665632874e-05,-8.999999999925734e-06,1.4527894751344093,1.4527894751344093,-0.001381386906758042,0.9850179121509408,0.03600145179991812,False,False,False
1741798969.9324915,2025-03-12 17:02:49+00:00,49.385074,1.0685718333333334,49.38509333,1.06852667,3.921027691245837,49.385083664999996,1.0685492516666666,1.0,1.5166666671007079e-05,-6.666666666710341e-06,1.754870177400721,1.754870177400721,0.3020807022663117,1.5981905443021611,0.8279369003573017,False,False,False
1741798971.0428824,2025-03-12 17:02:50+00:00,49.385089666666666,1.0685636666666667,49.38510833,1.06851167,4.30826290244642,49.38509899833333,1.0685376683333332,1.0,1.5666666662639273e-05,-8.166666666697964e-06,1.8405314256539484,1.8405314256539484,0.08566124825322752,1.7720683612918906,0.2118037056497574,False,False,False
1741798972.152993,2025-03-12 17:02:51+00:00,49.38510166666666,1.0685563333333332,49.385125,1.06849,5.470843877007035,49.38511333333333,1.0685231666666666,1.0,1.1999999991019195e-05,-7.333333333470193e-06,1.4368962096177347,1.4368962096177347,-0.4036352160362138,0.9527572765750005,1.1811939575064074,False,False,False
1741798973.2600238,2025-03-12 17:02:52+00:00,49.38511466666667,1.0685525,49.38513833,1.06848333,5.669942703323099,49.385126498333335,1.0685179150000002,1.0,1.300000000981072e-05,-3.833333333203015e-06,1.4723685981539913,1.4723685981539913,0.03547238853625667,1.0247602138175527,0.06891903468909365,False,False,False
1741798974.3594446,2025-03-12 17:02:53+00:00,49.38512433333333,1.0685465,49.38515167,1.068485,5.40204308826932,49.38513800166666,1.06851575,1.0,9.666666663576962e-06,-5.999999999950489e-06,1.1600075918448824,1.1600075918448824,-0.3123610063091089,0.3907203066568891,0.9213417612700766,False,False,False
1741798975.4685433,2025-03-12 17:02:55+00:00,49.3851435,1.0685378333333333,49.38518167,1.06848667,5.6409957091401415,49.385162585,1.0685122516666667,2.0,1.9166666668013477e-05,-8.666666666767853e-06,2.2225985228098666,1.1112992614049333,-0.024354165219974577,0.29185065043758884,0.10140357268584625,False,False,False
1741798976.5668447,2025-03-12 17:02:56+00:00,49.385152,1.068538166666667,49.38519167,1.06848833,5.7060232407259415,49.385171834999994,1.0685132483333335,1.0,8.499999999855845e-06,3.333333336019706e-07,0.9456558910321909,0.9456558910321909,-0.16564337037274235,0.04437731992879517,0.5036454586819242,False,False,False
1741798977.6715355,2025-03-12 17:02:57+00:00,49.38516033333333,1.0685411666666669,49.3852,1.068485,6.007718814016167,49.385180166666665,1.0685130833333334,1.0,8.333333333609971e-06,2.9999999999752447e-06,0.9520615832703943,0.9520615832703943,0.006405692238203309,0.03137485025436011,0.013832104904072696,False,False,False
1741798978.7803235,2025-03-12 17:02:58+00:00,49.38517,1.0685413333333331,49.38521,1.06848333,6.125893224223249,49.38519,1.0685123316666667,1.0,9.666666670682389e-06,1.6666666624587378e-07,1.075167639226449,1.075167639226449,0.12310605595605484,0.21850958062127535,0.3184068255049523,False,False,False
1741798979.8895335,2025-03-12 17:02:59+00:00,49.385179666666666,1.068539,49.38522,1.06848333,6.038174542516742,49.38519983333333,1.0685111649999999,1.0,9.666666663576962e-06,-2.3333333332153927e-06,1.08836576678442,1.08836576678442,0.013198127557970896,0.245299542884585,0.005505550726274411,False,False,False
1741798980.9950657,2025-03-12 17:03:00+00:00,49.385189,1.0685371666666668,49.38523167,1.06848667,5.996934436153542,49.385210335,1.0685119183333334,1.0,9.333333331085214e-06,-1.8333333331455037e-06,1.0465270345265416,1.0465270345265416,-0.041838732257878375,0.16037400678788727,0.15118108550819445,False,False,False
1741798982.1038415,2025-03-12 17:03:01+00:00,49.38519766666666,1.0685356666666666,49.38524333,1.068485,6.270920822906627,49.38522049833333,1.0685103333333332,1.0,8.666666666101719e-06,-1.500000000209667e-06,0.9700156243344277,0.9700156243344277,-0.07651141019211394,0.005068810444227313,0.24989211831301236,False,False,False
1741798983.2123957,2025-03-12 17:03:02+00:00,49.38520283333333,1.0685331666666666,49.38525333,1.06848333,6.680838466091286,49.38522808166667,1.0685082483333335,1.0,5.166666667832942e-06,-2.4999999999053557e-06,0.6026094981715137,0.6026094981715137,-0.367406126162914,0.7407033615536699,1.0780519133367858,False,False,False
1741798984.320937,2025-03-12 17:03:03+00:00,49.38520716666667,1.068528,49.38527,1.06848333,7.704102978270908,49.38523858333333,1.068505665,1.0,4.333333336603573e-06,-5.166666666722719e-06,0.6107290680218413,0.6107290680218413,0.00811956985032769,0.7242220107765125,0.008952798220154663,False,False,False
1741798985.4295363,2025-03-12 17:03:04+00:00,49.385215,1.0685235,49.38528,1.06847833,7.938258124361752,49.385247500000006,1.068500915,1.0,7.83333333487235e-06,-4.499999999962867e-06,0.9304525112162295,0.9304525112162295,0.31972344319438817,0.0752376044468355,0.8781647247503719,False,False,False
1741798986.53677,2025-03-12 17:03:06+00:00,49.385237333333336,1.0685098333333334,49.38530167,1.068455,8.188346682231918,49.38526950166667,1.0684824166666667,2.0,2.2333333333790506e-05,-1.3666666666578564e-05,2.674721099371071,1.3373605496855354,0.20345401923465295,0.7507167551658255,0.5471526539649676,False,False,False
1741798987.645501,2025-03-12 17:03:07+00:00,49.38524516666666,1.068499,49.38531,1.06844833,8.094877093466417,49.38527758333333,1.068473665,1.0,7.833333320661495e-06,-1.0833333333293282e-05,1.1737431137960768,1.1737431137960768,-0.16361743588945865,0.41860108846651195,0.4978777448174475,False,False,False
1741798988.753405,2025-03-12 17:03:08+00:00,49.38525116666666,1.0684845,49.38530833,1.06843667,7.244187936828711,49.38527974833333,1.068460585,1.0,6.000000006167738e-06,-1.4500000000028379e-05,1.2464539977923648,1.2464539977923648,0.072710883996288,0.5661918607057158,0.17493479597321723,False,False,False
1741798989.8585358,2025-03-12 17:03:09+00:00,49.38525683333333,1.0684676666666666,49.385305,1.06842333,6.249769610516032,49.385280916666666,1.0684454983333334,1.0,5.666666666570563e-06,-1.6833333333465816e-05,1.3751207592198864,1.3751207592198864,0.12866676142752165,0.8273635813187509,0.33423782019342163,False,False,False
1741798990.9672244,2025-03-12 17:03:10+00:00,49.385261166666666,1.0684503333333333,49.3853,1.06841,5.218132447126982,49.38528058333333,1.0684301666666667,1.0,4.333333336603573e-06,-1.733333333331366e-05,1.3476237395354806,1.3476237395354806,-0.027497019684405766,0.7715492912641118,0.11035109069203153,False,False,False
1741798992.0763688,2025-03-12 17:03:11+00:00,49.38526233333333,1.0684326666666666,49.38529833,1.06839167,4.988758044837802,49.385280331666664,1.0684121683333334,1.0,1.1666666637211165e-06,-1.7666666666693587e-05,1.2892479138381976,1.2892479138381976,-0.05837582569728306,0.6530562580174933,0.1982611978689879,False,False,False
1741798993.1832502,2025-03-12 17:03:12+00:00,49.38526133333333,1.0684175,49.385295,1.06838167,4.559329828803225,49.385278166666666,1.0683995849999999,1.0,-9.999999974752427e-07,-1.5166666666566186e-05,1.1067895842444821,1.1067895842444821,-0.18245832959371544,0.282696770054365,0.5515166382435771,False,False,False
1741798994.2888775,2025-03-12 17:03:13+00:00,49.38525916666666,1.0684048333333334,49.38529333,1.068375,4.373607995805029,49.38527624833333,1.0683899166666668,1.0,-2.166666675407214e-06,-1.266666666666083e-05,0.950718388164659,0.950718388164659,-0.15607119607982312,0.034101308688471575,0.4763940530525708,False,False,False
1741798995.3980238,2025-03-12 17:03:14+00:00,49.38525683333333,1.068391833333333,49.38529,1.06836667,4.11636656562293,49.385273416666664,1.0683792516666666,1.0,-2.333333327442233e-06,-1.3000000000262801e-05,0.9788993478197817,0.9788993478197817,0.028180959655122684,0.023101263599794666,0.04816077434229351,False,False,False
1741798996.5044525,2025-03-12 17:03:15+00:00,49.38525383333333,1.0683786666666666,49.38529,1.06836,4.244549433662347,49.38527191666667,1.0683693333333333,1.0,-2.9999999995311555e-06,-1.3166666666508675e-05,1.0125283535043919,1.0125283535043919,0.033629005684610136,0.09136244605057565,0.06367103436198157,False,False,False
1741798997.608933,2025-03-12 17:03:17+00:00,49.385248,1.0683546666666666,49.38529,1.06834333,4.7430884820378,49.385268999999994,1.0683489983333332,2.0,-5.833333332816437e-06,-2.4000000000024002e-05,1.859392438354204,0.929696219177102,-0.04141606716364493,0.07677274911787116,0.14997778335595044,False,False,False
1741798998.7190275,2025-03-12 17:03:18+00:00,49.38524566666667,1.068339666666667,49.385285,1.06833167,4.412904687952809,49.38526533333334,1.0683356683333334,1.0,-2.333333327442233e-06,-1.4999999999654179e-05,1.1195775947396118,1.1195775947396118,0.18988137556250984,0.3086542641824186,0.5085121521464985,False,False,False
1741798999.8283496,2025-03-12 17:03:19+00:00,49.38524083333333,1.0683266666666666,49.38527833,1.06833333,4.19824309969504,49.38525958166666,1.0683299983333332,1.0,-4.833333342446622e-06,-1.3000000000262801e-05,1.086213817075632,1.086213817075632,-0.03336377766397991,0.24093144966547114,0.12705339849987055,False,False,False
1741799000.9321046,2025-03-12 17:03:20+00:00,49.38523716666666,1.068314,49.385275,1.06832833,4.3344435964746815,49.38525608333333,1.068321165,1.0,-3.6666666645146506e-06,-1.266666666666083e-05,1.0060304406208758,1.0060304406208758,-0.08018337645475615,0.07817278409473735,0.2603459858480598,False,False,False
1741799002.041307,2025-03-12 17:03:21+00:00,49.385232333333335,1.0683033333333334,49.38527,1.06832167,4.395648454669126,49.38525116666666,1.0683125016666666,1.0,-4.833333328235767e-06,-1.066666666660332e-05,0.9427359644224049,0.9427359644224049,-0.06329447619847084,0.050304276108314595,0.21226430059728274,False,False,False
1741799003.1480143,2025-03-12 17:03:22+00:00,49.38522716666667,1.0682921666666667,49.385265,1.068315,4.522531591336901,49.38524608333333,1.0683035833333334,1.0,-5.166666667832942e-06,-1.1166666666673208e-05,0.993745667279581,0.993745667279581,0.0510097028571761,0.05323677610564678,0.11315283591264079,False,False,False
1741799004.25206,2025-03-12 17:03:23+00:00,49.385221,1.0682793333333334,49.38526167,1.06830333,4.847160790383957,49.385241335,1.0682913316666667,1.0,-6.166666665308185e-06,-1.2833333333350794e-05,1.1569701082279915,1.1569701082279915,0.1632244409484105,0.3845547296752676,0.43262145941837526,False,False,False
1741799005.361493,2025-03-12 17:03:24+00:00,49.3852125,1.0682655,49.38524833,1.06829833,4.643415403106877,49.385230415,1.068281915,1.0,-8.499999999855845e-06,-1.3833333333268527e-05,1.3792969240989466,1.3792969240989466,0.22232681587095504,0.8358404882908926,0.6008823731236139,False,False,False
1741799006.4724882,2025-03-12 17:03:25+00:00,49.385197,1.0682446666666667,49.385235,1.06828167,5.007928602669832,49.385216,1.0682631683333335,1.0,-1.5500000003498826e-05,-2.0833333333358794e-05,2.293412504300347,2.293412504300347,0.9141155802014003,2.691340201438379,2.570363459624889,False,False,False
1741799007.5549643,2025-03-12 17:03:27+00:00,49.385191,1.0682316666666667,49.38521667,1.06826667,3.822259235398096,49.385203835,1.0682491683333333,2.0,-5.999999999062311e-06,-1.3000000000040757e-05,1.155939439874205,0.5779697199371026,-0.8577213921816221,0.7907179356799467,2.4739500438612345,False,False,False
1741799008.605394,2025-03-12 17:03:28+00:00,49.385186,1.0682175,49.38520667,1.068255,3.563419511508111,49.385196335,1.06823625,1.0,-5.000000001587068e-06,-1.4166666666648453e-05,1.1692797524975493,1.1692797524975493,0.5913100325604468,0.4095412214338698,1.6513554423266168,False,False,False
1741799009.6560965,2025-03-12 17:03:29+00:00,49.38518116666667,1.0682048333333334,49.3852,1.06824333,3.4928218818269143,49.38519058333333,1.0682240816666666,1.0,-4.833333328235767e-06,-1.266666666666083e-05,1.0652516208131282,1.0652516208131282,-0.10402813168442115,0.19838174370438527,0.32823057267353395,False,False,False
1741799010.7063828,2025-03-12 17:03:30+00:00,49.385181333333335,1.0682041666666666,49.385185,1.06822833,1.8011712808762097,49.385183166666664,1.0682162483333333,1.0,1.6666666624587378e-07,-6.66666666759852e-07,0.05183175367860683,0.05183175367860683,-1.0134198671345214,1.8586888428748018,2.9172142560425605,False,False,False
1741799011.7588208,2025-03-12 17:03:31+00:00,49.38518183333333,1.0682026666666666,49.38517667,1.06821667,1.1676872106218115,49.38517925166666,1.0682096683333333,1.0,4.99999991632194e-07,-1.4999999999876223e-06,0.12228429788155916,0.12228429788155916,0.07045254420295233,1.7156821176964747,0.1685054381414626,False,False,False
1741799012.8676126,2025-03-12 17:03:32+00:00,49.385181333333335,1.0682013333333331,49.38516833,1.068195,1.517540173660689,49.38517483166667,1.0681981666666664,1.0,-4.99999991632194e-07,-1.333333333519704e-06,0.11164262534383317,0.11164262534383317,-0.010641672537725994,1.7372829095097044,0.06236492913023108,False,False,False
1741799013.9742336,2025-03-12 17:03:33+00:00,49.38517483333333,1.068192,49.38515833,1.06817667,2.1465717084654616,49.38516658166667,1.068184335,1.0,-6.50000000490536e-06,-9.333333333083615e-06,0.9908671527573455,0.9908671527573455,0.8792245274135123,0.047393879445771295,2.471030726719966,False,False,False
1741799015.0832436,2025-03-12 17:03:34+00:00,49.38516833333333,1.0681811666666667,49.38515,1.06816667,2.2946231981177565,49.38515916666667,1.0681739183333334,1.0,-6.499999997799932e-06,-1.0833333333293282e-05,1.0683090599542735,1.0683090599542735,0.077441907196928,0.20458782701839148,0.1884037350394326,False,False,False
1741799016.1929767,2025-03-12 17:03:35+00:00,49.38516083333333,1.068171166666667,49.38514,1.068155,2.597383507345288,49.38515041666666,1.0681630833333333,1.0,-7.500000002380602e-06,-9.999999999843467e-06,1.1058629949125216,1.1058629949125216,0.0375539349582481,0.28081595073906623,0.07484507240489022,False,False,False
1741799017.3025644,2025-03-12 17:03:36+00:00,49.38515016666667,1.0681593333333332,49.38512667,1.068145,2.8128302911591994,49.385138418333334,1.0681521666666667,1.0,-1.0666666661052204e-05,-1.1833333333655105e-05,1.4647596019240416,1.4647596019240416,0.35889660701152004,1.0093152409631336,0.9896883707161004,False,False,False
1741799018.411373,2025-03-12 17:03:38+00:00,49.38513566666666,1.068139,49.385115,1.06813333,2.335064686120503,49.385125333333335,1.0681361649999999,2.0,-1.4500000006023583e-05,-2.0333333333288905e-05,2.1863579508080115,1.0931789754040058,-0.18579031326001794,0.25506954069054383,0.5610025957347563,False,False,False
1741799019.5210266,2025-03-12 17:03:39+00:00,49.385129,1.0681288333333334,49.38511,1.06812833,2.1134426485160094,49.3851195,1.0681285816666666,1.0,-6.666666664045806e-06,-1.016666666653343e-05,1.0462438207465874,1.0462438207465874,-0.046935154657418376,0.15979913081066272,0.16569029416010164,False,False,False
1741799020.6290064,2025-03-12 17:03:40+00:00,49.38512733333333,1.0681248333333333,49.385105,1.06811833,2.5283332039159023,49.38511616666666,1.0681215816666665,1.0,-1.6666666695641652e-06,-4.000000000115023e-06,0.3445360476696267,0.3445360476696267,-0.7017077730769608,1.2645487305077037,2.029788635196792,False,False,False
1741799021.7361827,2025-03-12 17:03:41+00:00,49.38512683333333,1.0681226666666666,49.38509833,1.06810333,3.467042322175215,49.38511258166666,1.0681129983333333,1.0,-4.999999987376214e-07,-2.1666666667474743e-06,0.16685225220642855,0.16685225220642855,-0.17768379546319815,1.6252167233235382,0.537923826171803,False,False,False
1741799022.8408556,2025-03-12 17:03:42+00:00,49.38512566666667,1.06812,49.38509333,1.06809167,4.143066091511685,49.385109498333335,1.068105835,1.0,-1.1666666637211165e-06,-2.6666666665953187e-06,0.23307309224244033,0.23307309224244033,0.06622084003601178,1.4907996404595378,0.15645803039189551,False,False,False
1741799023.9499354,2025-03-12 17:03:43+00:00,49.3851225,1.0681145,49.385095,1.06807167,4.361717754509678,49.38510875,1.068093085,1.0,-3.1666666657770293e-06,-5.4999999998806e-06,0.5324499543792244,0.5324499543792244,0.29937686213678405,0.8831153455529683,0.8202392298101633,False,False,False
1741799025.0590549,2025-03-12 17:03:44+00:00,49.38511666666667,1.0681058333333333,49.38508833,1.06806333,4.4108372724805776,49.38510249833334,1.0680845816666666,1.0,-5.833333332816437e-06,-8.666666666767853e-06,0.9038010934494065,0.9038010934494065,0.37135113907018213,0.1293354659124705,1.0251456758871367,False,False,False
1741799026.168198,2025-03-12 17:03:45+00:00,49.385107,1.0680961666666666,49.38508333,1.06806,3.718273362642964,49.385095164999996,1.0680780833333334,1.0,-9.666666670682389e-06,-9.666666666685586e-06,1.2839172541437014,1.2839172541437014,0.3801161606942949,0.6422359222216136,1.0500991663188186,False,False,False
1741799027.2746098,2025-03-12 17:03:46+00:00,49.38509733333333,1.068087,49.38508,1.06805833,2.837145831220282,49.38508866666666,1.0680726649999999,1.0,-9.666666670682389e-06,-9.166666666615697e-06,1.2644376249312115,1.2644376249312115,-0.019479629212489913,0.6026955761222386,0.08752606127309263,False,False,False
1741799028.3802128,2025-03-12 17:03:47+00:00,49.38509,1.0680818333333333,49.38507,1.068055,2.95692920880227,49.38508,1.0680684166666667,1.0,-7.333333329029301e-06,-5.166666666722719e-06,0.8977276074275257,0.8977276074275257,-0.3667100175036858,0.14166361326657453,1.076070133768818,False,False,False
1741799029.4898348,2025-03-12 17:03:49+00:00,49.385087,1.0680771666666666,49.38505167,1.06805,4.3965942561945655,49.385069335,1.0680635833333332,2.0,-2.9999999995311555e-06,-4.66666666665283e-06,0.4755290387042431,0.23776451935212156,-0.3299815440377021,1.4812768384804402,0.9715063744869946,False,False,False
1741799030.598781,2025-03-12 17:03:50+00:00,49.385085333333336,1.0680745,49.38504167,1.06804833,5.214615892349639,49.385063501666664,1.068061415,1.0,-1.6666666624587378e-06,-2.6666666665953187e-06,0.268041510250053,0.268041510250053,0.030276990897931455,1.4198196779825265,0.054128049473486275,False,False,False
1741799031.707699,2025-03-12 17:03:51+00:00,49.38508233333333,1.0680725,49.38502833,1.06804,6.453014625359799,49.38505533166666,1.0680562500000002,1.0,-3.000000006636583e-06,-2.0000000000575113e-06,0.3638817358613357,0.3638817358613357,0.09584022561128269,1.2252802619816034,0.24078264318138579,False,False,False
1741799032.8115366,2025-03-12 17:03:52+00:00,49.38507283333333,1.0680673333333333,49.385015,1.06802833,7.027869459829306,49.38504391666667,1.0680478316666666,1.0,-9.499999997331088e-06,-5.166666666722719e-06,1.1211821799213422,1.1211821799213422,0.7573004440600064,0.3119113001731687,2.1239201800690033,False,False,False
1741799033.9210913,2025-03-12 17:03:53+00:00,49.38506016666667,1.0680615,49.38500167,1.06801667,7.274645698360107,49.385030918333335,1.068039085,1.0,-1.2666666663108117e-05,-5.833333333260526e-06,1.4710410690773599,1.4710410690773599,0.3498588891560177,1.0220655547676085,0.963958530482609,False,False,False
1741799035.0301018,2025-03-12 17:03:54+00:00,49.38504916666667,1.0680538333333334,49.38499333,1.06800167,7.273808718200457,49.38502124833333,1.0680277516666665,1.0,-1.100000000064938e-05,-7.666666666628075e-06,1.3440745191150063,1.3440745191150063,-0.12696654996235357,0.7643449752949688,0.3935348726015154,False,False,False
1741799036.1397154,2025-03-12 17:03:55+00:00,49.3850355,1.068043,49.38498667,1.06799167,6.586537054129701,49.385011085,1.068017335,1.0,-1.3666666667688787e-05,-1.0833333333293282e-05,1.7114291261637884,1.7114291261637884,0.3673546070487821,1.5100125722220938,1.0137677891194004,False,False,False
1741799037.249147,2025-03-12 17:03:56+00:00,49.38502416666667,1.0680333333333334,49.38498333,1.06798,5.968443702795402,49.38500374833333,1.0680066666666668,1.0,-1.1333333333141127e-05,-9.666666666685586e-06,1.4426951684875935,1.4426951684875935,-0.2687339576761949,0.9645281803344644,0.7971381725842203,False,False,False
1741799038.358005,2025-03-12 17:03:57+00:00,49.3850135,1.0680225,49.38497833,1.06797167,5.377751855911632,49.384995915000005,1.067997085,1.0,-1.0666666668157632e-05,-1.0833333333293282e-05,1.4233882081985614,1.4233882081985614,-0.019306960289032116,0.9253383228876018,0.08703448321269178,False,False,False
1741799039.4665885,2025-03-12 17:03:59+00:00,49.38499766666666,1.0680063333333334,49.38496833,1.06794833,5.3274174753780095,49.38498299833333,1.0679773316666665,2.0,-1.5833333335990574e-05,-1.6166666666705964e-05,2.1162964369516684,1.0581482184758342,-0.1826199948613636,0.18396304076934036,0.5519768895563971,False,False,False
1741799040.5725017,2025-03-12 17:04:00+00:00,49.38498533333333,1.0679958333333333,49.38496833,1.06794833,3.9334423276160235,49.38497683166666,1.0679720816666665,1.0,-1.233333333061637e-05,-1.0500000000135401e-05,1.5692999800380472,1.5692999800380472,0.511151761562213,1.2215144921345555,1.4231496564022654,False,False,False
1741799041.6824565,2025-03-12 17:04:01+00:00,49.384982666666666,1.0679931666666669,49.38496833,1.06794833,3.6249324548163924,49.38497549833333,1.0679707483333334,1.0,-2.666666667039408e-06,-2.666666666373274e-06,0.3541843403068398,0.3541843403068398,-1.2151156397312073,1.2449643315449737,3.491430013566324,False,True,True
1741799042.7853625,2025-03-12 17:04:02+00:00,49.3849785,1.0679906666666668,49.38496833,1.06794833,3.275397175066914,49.384973415000005,1.0679694983333334,1.0,-4.166666663252272e-06,-2.5000000001274003e-06,0.4976866646074976,0.4976866646074976,0.1435023243006578,0.9536789324740997,0.3764737771687007,False,False,False
1741799043.899923,2025-03-12 17:04:03+00:00,49.38497633333333,1.0679876666666666,49.38496833,1.06794833,2.9915745672689043,49.38497233166666,1.0679679983333332,1.0,-2.166666675407214e-06,-3.0000000001972893e-06,0.32482571858967835,0.32482571858967835,-0.17286094601781926,1.3045573582414407,0.5241934632988093,False,False,False
1741799045.0087464,2025-03-12 17:04:04+00:00,49.384964,1.067977,49.38496833,1.06794833,2.1365981130550797,49.384966164999994,1.067962665,1.0,-1.233333333061637e-05,-1.066666666660332e-05,1.5752143227554092,1.5752143227554092,1.2503886041657308,1.2335196055504143,3.5277125736125043,False,True,True
1741799046.1233883,2025-03-12 17:04:05+00:00,49.384957,1.067971,49.38496833,1.06794833,2.0729418848463967,49.384962665,1.067959665,1.0,-6.999999996537554e-06,-5.999999999950489e-06,0.8921175608660112,0.8921175608660112,-0.6830967618893979,0.15305105705496358,1.9768042034966842,False,False,False
1741799047.23039,2025-03-12 17:04:06+00:00,49.384951666666666,1.0679653333333332,49.38496833,1.06794833,2.226800433382405,49.38495999833333,1.0679568316666666,1.0,-5.333333334078816e-06,-5.666666666792608e-06,0.7218835053638508,0.7218835053638508,-0.17023405550216042,0.49859734025319863,0.5167148636833516,False,False,False
1741799048.3401203,2025-03-12 17:04:07+00:00,49.38494816666667,1.0679615,49.38496833,1.06794833,2.437870363096426,49.384958248333334,1.067954915,1.0,-3.499999998268777e-06,-3.833333333203015e-06,0.4785265460408846,0.4785265460408846,-0.2433569593229662,0.992570726109637,0.7248913815609067,False,False,False
1741799049.4415662,2025-03-12 17:04:09+00:00,49.384945,1.06796,49.38496833,1.06794833,2.7295411111335683,49.384956665000004,1.067954165,2.0,-3.1666666657770293e-06,-1.4999999999876223e-06,0.3686427403517107,0.18432137017585534,-0.14710258793251463,1.5897573743273536,0.4508609640099046,False,False,False
1741799050.5505254,2025-03-12 17:04:10+00:00,49.38494116666666,1.0679533333333333,49.38496833,1.06794833,3.0427926591117687,49.38495474833333,1.0679508316666666,1.0,-3.833333344971379e-06,-6.666666666710341e-06,0.6450238121124104,0.6450238121124104,0.4607024419365551,0.6546094921839539,1.2795234717160247,False,False,False
1741799051.6553771,2025-03-12 17:04:11+00:00,49.38494,1.0679496666666666,49.38496833,1.06794833,3.152277294940231,49.384954164999996,1.0679489983333332,1.0,-1.1666666566156891e-06,-3.6666666667350967e-06,0.2961597014751046,0.2961597014751046,-0.3488641106373058,1.3627445149699735,1.0252639081447057,False,False,False
1741799052.7053738,2025-03-12 17:04:12+00:00,49.38493533333333,1.0679473333333334,49.38496833,1.06794833,3.670509928578353,49.38495183166667,1.0679478316666666,1.0,-4.666666669095321e-06,-2.3333333332153927e-06,0.5459637015507804,0.5459637015507804,0.24980400007567582,0.855684728961962,0.6791082671996557,False,False,False
1741799053.7553012,2025-03-12 17:04:13+00:00,49.38492933333333,1.0679491666666667,49.38496833,1.06794833,4.337525066155304,49.38494883166666,1.0679487483333334,1.0,-5.999999999062311e-06,1.8333333333675483e-06,0.6804499501956417,0.6804499501956417,0.13448624864486125,0.5827004355230049,0.3508055509786698,False,False,False
1741799054.8052535,2025-03-12 17:04:14+00:00,49.384921,1.067943,49.38496833,1.06794833,5.278115780030959,49.384944665,1.0679456649999999,1.0,-8.333333333609971e-06,-6.166666666640452e-06,1.0292941727741747,1.0292941727741747,0.348844222578533,0.12539421787412408,0.9610698356432309,False,False,False
1741799055.861358,2025-03-12 17:04:15+00:00,49.38491033333333,1.0679296666666669,49.38496833,1.06794833,6.591027667731278,49.384939331666665,1.0679389983333334,1.0,-1.0666666668157632e-05,-1.3333333333198638e-05,1.5311869150907989,1.5311869150907989,0.5018927423166242,1.1441514292916601,1.3967897843951105,False,False,False
1741799056.9114923,2025-03-12 17:04:16+00:00,49.38489766666667,1.0679158333333334,49.38496833,1.06794833,8.205521409529034,49.38493299833333,1.0679320816666666,1.0,-1.2666666663108117e-05,-1.3833333333490572e-05,1.7301366960978195,1.7301366960978195,0.19894978100702065,1.547985768826656,0.5343293581038332,False,False,False
1741799057.9615033,2025-03-12 17:04:17+00:00,49.38488133333333,1.0678983333333334,49.38496833,1.06794833,10.334079347486298,49.384924831666666,1.0679233316666665,1.0,-1.6333333334728195e-05,-1.7500000000003624e-05,2.2168210785590694,2.2168210785590694,0.4866843824612499,2.535872587090108,1.3534924967890378,False,False,False
1741799059.011795,2025-03-12 17:04:18+00:00,49.38486683333333,1.0678805,49.38496833,1.06794833,12.31573590244013,49.38491758166666,1.067914415,1.0,-1.4500000006023583e-05,-1.783333333338355e-05,2.0681340479068813,2.0681340479068813,-0.14868703065218813,2.234063112774943,0.45537177732451783,False,False,False
1741799060.0722225,2025-03-12 17:04:19+00:00,49.384855,1.0678598333333331,49.38496833,1.06794833,14.147540943748846,49.384911665000004,1.0679040816666665,1.0,-1.183333332477332e-05,-2.0666666666890876e-05,1.995904556129874,1.995904556129874,-0.07222949177700722,2.087449485159606,0.23770175361309373,False,False,False
1741799061.1233196,2025-03-12 17:04:20+00:00,49.3848465,1.0678385,49.38496833,1.06794833,15.722011123585578,49.384907415,1.067893415,1.0,-8.499999999855845e-06,-2.133333333320664e-05,1.8146299852647338,1.8146299852647338,-0.1812745708651402,1.7194928268045495,0.5481465482000273,False,False,False
1741799062.1749403,2025-03-12 17:04:21+00:00,49.384839166666666,1.0678206666666668,49.38496833,1.06794833,17.096076719704502,49.38490374833333,1.0678844983333333,1.0,-7.333333336134729e-06,-1.7833333333161505e-05,1.5302726868301448,1.5302726868301448,-0.284357298434589,1.1422957008562897,0.8416168859114056,False,False,False
1741799063.2522054,2025-03-12 17:04:22+00:00,49.38483266666667,1.0678041666666669,49.38496833,1.06794833,18.36333767323424,49.38490049833334,1.0678762483333335,1.0,-6.499999997799932e-06,-1.6499999999863846e-05,1.3992207296420798,1.3992207296420798,-0.13105195718806506,0.8762824370671568,0.40516578174107326,False,False,False
1741799064.3493996,2025-03-12 17:04:23+00:00,49.38483166666666,1.067789833333333,49.38496833,1.06794833,19.064360665538416,49.38489999833333,1.0678690816666665,1.0,-1.00000000458067e-06,-1.4333333333782505e-05,1.0466177066361155,1.0466177066361155,-0.35260302300596424,0.1605580558041701,1.0359083672250515,False,False,False
1741799065.3996985,2025-03-12 17:04:25+00:00,49.38481816666667,1.0677646666666667,49.38496833,1.06794833,21.371480918729954,49.384893248333334,1.0678564983333332,2.0,-1.3499999994337486e-05,-2.5166666666409654e-05,2.3649909820322113,1.1824954910161056,0.06793889218999505,0.43636693096264806,0.16134922174590333,False,False,False
1741799066.44993,2025-03-12 17:04:26+00:00,49.38481816666667,1.0677645,49.38496833,1.06794833,21.379033677406294,49.384893248333334,1.067856415,1.0,0.0,-1.66666666689963e-07,0.012101070536754478,0.012101070536754478,-1.170394420479351,1.9393353965158835,3.3641113868073966,False,True,True
1741799067.5000896,2025-03-12 17:04:27+00:00,49.38481516666667,1.0677651666666663,49.38496833,1.06794833,21.61085591526132,49.38489174833333,1.067856748333333,1.0,-2.9999999995311555e-06,6.666666663157628e-07,0.33714438922743506,0.33714438922743506,0.3250433186906806,1.2795525444850884,0.8933100909556617,False,False,False
1741799068.552298,2025-03-12 17:04:28+00:00,49.38481,1.067767,49.38496833,1.06794833,21.98666071867375,49.384889165000004,1.067857665,1.0,-5.166666667832942e-06,1.833333333589593e-06,0.5898384046287624,0.5898384046287624,0.2526940154013273,0.7666265171353019,0.6873359673547431,False,False,False
1741799069.6583157,2025-03-12 17:04:29+00:00,49.38480316666666,1.0677698333333334,49.38496833,1.06794833,22.48069112540283,49.38488574833333,1.0678590816666667,1.0,-6.833333344502535e-06,2.8333333335073263e-06,0.7873346453447012,0.7873346453447012,0.19749624071593885,0.3657426180605335,0.5301912161458269,False,False,False
1741799070.762375,2025-03-12 17:04:30+00:00,49.384791166666666,1.067773,49.38496833,1.06794833,23.458192534836396,49.38487974833333,1.067860665,1.0,-1.1999999991019195e-05,3.1666666666652077e-06,1.3542663005097955,1.3542663005097955,0.5669316551650943,0.7850325643308396,1.5819516652268157,False,False,False
1741799071.872099,2025-03-12 17:04:31+00:00,49.384781333333336,1.0677765,49.38496833,1.06794833,24.25231115785871,49.384874831666664,1.067862415,1.0,-9.833333329822835e-06,3.499999999823089e-06,1.1227721442451473,1.1227721442451473,-0.2314941562646482,0.3151386583001192,0.691118693334524,False,False,False
1741799072.978097,2025-03-12 17:04:32+00:00,49.384764833333335,1.0677885,49.38496833,1.06794833,25.434045406302978,49.38486658166667,1.067868415,1.0,-1.650000000097407e-05,1.2000000000123023e-05,2.031417445376921,2.031417445376921,0.9086453011317737,2.1595346319814293,2.554789903474493,False,False,False
1741799074.087944,2025-03-12 17:04:33+00:00,49.3847535,1.0678041666666669,49.38496833,1.06794833,26.084997407012946,49.384860915000004,1.0678762483333335,1.0,-1.1333333333141127e-05,1.566666666685812e-05,1.6978438730957506,1.6978438730957506,-0.33357357228117035,1.4824368107792942,0.9817326632798404,False,False,False
1741799075.1954174,2025-03-12 17:04:34+00:00,49.38473966666667,1.0678175,49.38496833,1.06794833,27.14743806122355,49.384853998333334,1.067882915,1.0,-1.3833333333934661e-05,1.3333333333198638e-05,1.8177426437221826,1.8177426437221826,0.11989877062643206,1.7258109959726649,0.3092758766931156,False,False,False
1741799076.297889,2025-03-12 17:04:35+00:00,49.384724166666665,1.067827,49.38496833,1.06794833,28.548327569086318,49.38484624833333,1.067887665,1.0,-1.5500000003498826e-05,9.499999999995623e-06,1.8567410143939633,1.8567410143939633,0.03899837067178069,1.80497107940409,0.07895729417712839,False,False,False
1741799077.407329,2025-03-12 17:04:37+00:00,49.384708333333336,1.0678555,49.38496833,1.06794833,29.691227925555896,49.38483833166667,1.067901915,2.0,-1.5833333328885146e-05,2.849999999998687e-05,2.717141038427018,1.358570519213509,-0.2490852475902272,0.7937693988658168,0.7411994744096203,False,False,False
1741799078.5133286,2025-03-12 17:04:38+00:00,49.38470016666667,1.0678648333333334,49.38496833,1.06794833,30.434285674298135,49.384834248333334,1.0679065816666666,1.0,-8.166666667364098e-06,9.33333333330566e-06,1.1332193969997506,1.1332193969997506,-0.2253511222137583,0.3363448109018229,0.6736298441354904,False,False,False
1741799079.6229546,2025-03-12 17:04:39+00:00,49.3846965,1.0678683333333334,49.38496833,1.06794833,30.785061037196087,49.384832415,1.0679083316666667,1.0,-3.666666671620078e-06,3.5000000000451337e-06,0.4804960015809229,0.4804960015809229,-0.6527233954188276,0.9885730651258994,1.89033305235699,False,False,False
1741799080.751526,2025-03-12 17:04:40+00:00,49.384694,1.0678713333333334,49.38496833,1.06794833,31.01815783038277,49.384831165,1.0679098316666666,1.0,-2.4999999936881068e-06,2.9999999999752447e-06,0.3532044160407294,0.3532044160407294,-0.12729158554019354,1.2469534117379548,0.39446022938092973,False,False,False
1741799081.8015,2025-03-12 17:04:41+00:00,49.38469116666666,1.0678765,49.38496833,1.06794833,31.263401685358904,49.38482974833333,1.067912415,1.0,-2.833333340390709e-06,5.166666666500674e-06,0.48992174174157305,0.48992174174157305,0.13671732570084366,0.9694404099747469,0.357157293433662,False,False,False
1741799082.8517144,2025-03-12 17:04:42+00:00,49.384688833333335,1.06788,49.38496833,1.06794833,31.478251392104863,49.38482858166667,1.067914165,1.0,-2.333333327442233e-06,3.5000000000451337e-06,0.3632111385821337,0.3632111385821337,-0.12671060315943933,1.2266414608126337,0.3928062074171683,False,False,False
1741799083.9018428,2025-03-12 17:04:43+00:00,49.38468533333333,1.0678841666666667,49.38496833,1.06794833,31.817003992925226,49.384826831666665,1.0679162483333333,1.0,-3.500000005374204e-06,4.166666666804986e-06,0.4929973543686631,0.4929973543686631,0.12978621578652938,0.9631974375641235,0.33742483955676883,False,False,False
1741799084.9538565,2025-03-12 17:04:44+00:00,49.38468216666666,1.0678833333333333,49.38496833,1.06794833,32.17425633316941,49.38482524833333,1.0679158316666666,1.0,-3.1666666728824566e-06,-8.33333333449815e-07,0.35734735093608494,0.35734735093608494,-0.13565000343257816,1.2385439560012663,0.41825614339531536,False,False,False
1741799086.056708,2025-03-12 17:04:45+00:00,49.384682833333336,1.0678848333333333,49.38496833,1.06794833,32.08508525812814,49.38482558166667,1.0679165816666667,1.0,6.666666791943499e-07,1.4999999999876223e-06,0.13175288982338904,0.13175288982338904,-0.2255944611126959,1.696462480691595,0.6743226153740223,False,False,False
1741799087.165802,2025-03-12 17:04:46+00:00,49.38468533333333,1.0678868333333331,49.38496833,1.06794833,31.789231426175437,49.384826831666665,1.0679175816666664,1.0,2.4999999936881068e-06,1.9999999998354667e-06,0.31367941028272645,0.31367941028272645,0.1819265204593374,1.3271824751458545,0.4858651571686028,False,False,False
1741799088.2645657,2025-03-12 17:04:47+00:00,49.38468683333333,1.0678913333333333,49.38496833,1.06794833,31.579593313371007,49.38482758166667,1.0679198316666665,1.0,1.5000000033182914e-06,4.500000000184912e-06,0.3668558163906521,0.3668558163906521,0.05317640610792568,1.219243382522872,0.11932131000825906,False,False,False
1741799089.374022,2025-03-12 17:04:48+00:00,49.38468516666666,1.0679033333333334,49.38496833,1.06794833,31.661637661198117,49.384826748333325,1.0679258316666667,1.0,-1.6666666766695926e-06,1.2000000000123023e-05,0.8907788062960396,0.8907788062960396,0.5239229899053874,0.15576850195401018,1.4595085768851896,False,False,False
1741799090.4801643,2025-03-12 17:04:50+00:00,49.384684,1.0679086666666666,49.38496833,1.06794833,31.753242542743752,49.384826165,1.0679284983333333,2.0,-1.1666666566156891e-06,5.333333333190637e-06,0.40839579165079787,0.20419789582539893,-0.3432904552353203,1.5494113957225792,1.0093960457813864,False,False,False
1741799091.5896835,2025-03-12 17:04:51+00:00,49.38468233333333,1.067915333333333,49.38496833,1.06794833,31.897842226300106,49.38482533166666,1.0679318316666664,1.0,-1.6666666695641652e-06,6.666666666488297e-06,0.5183220993505898,0.5183220993505898,0.3141242035251909,0.9117924970213255,0.8622240255140308,False,False,False
1741799092.6983964,2025-03-12 17:04:52+00:00,49.384679,1.0679245,49.38496833,1.06794833,32.22495117214704,49.384823665,1.067936415,1.0,-3.333333332022903e-06,9.166666666837742e-06,0.7618446960634011,0.7618446960634011,0.2435225967128113,0.4174828953339783,0.6612254888752336,False,False,False
1741799093.807523,2025-03-12 17:04:53+00:00,49.384674833333335,1.067937,49.38496833,1.06794833,32.65223784285001,49.38482158166667,1.067942665,1.0,-4.166666663252272e-06,1.2499999999970868e-05,1.0190440800523675,1.0190440800523675,0.25719938398896636,0.10458826672639492,0.7001624812829653,False,False,False
1741799094.9161737,2025-03-12 17:04:54+00:00,49.38467033333333,1.0679473333333334,49.38496833,1.06794833,33.142429970831756,49.38481933166666,1.0679478316666666,1.0,-4.500000002849447e-06,1.0333333333445438e-05,0.9018761067886454,0.9018761067886454,-0.11716797326372208,0.1332428626073918,0.36563891291320694,False,False,False
1741799096.0203528,2025-03-12 17:04:55+00:00,49.3846695,1.067951,49.38496833,1.06794833,33.235597339678804,49.384818915,1.067949665,1.0,-8.333333312293689e-07,3.6666666667350967e-06,0.28189567485329375,0.28189567485329375,-0.6199804319353517,1.3916980716955538,1.7971158007597892,False,False,False
1741799097.130011,2025-03-12 17:04:56+00:00,49.384671833333336,1.0679461666666668,49.38496833,1.06794833,32.975899280863864,49.38482008166667,1.0679472483333332,1.0,2.3333333345476603e-06,-4.833333333342793e-06,0.43645973056771087,0.43645973056771087,0.15456405571441711,1.0779592324802483,0.4079658625084238,False,False,False
1741799098.235812,2025-03-12 17:04:57+00:00,49.38467983333333,1.0679393333333334,49.38496833,1.06794833,32.092436249296384,49.384824081666665,1.0679438316666667,1.0,7.999999994012796e-06,-6.833333333400304e-06,1.0187212357005524,1.0187212357005524,0.5822615051328415,0.10393294740446393,1.6255948278902075,False,False,False
1741799099.344741,2025-03-12 17:04:58+00:00,49.384691333333336,1.0679303333333334,49.38496833,1.06794833,30.834488992603692,49.384829831666664,1.0679393316666665,1.0,1.1500000006492428e-05,-8.999999999925734e-06,1.4362605316882397,1.4362605316882397,0.41753929598768735,0.9514669581061127,1.156640586125268,False,False,False
1741799100.4515584,2025-03-12 17:05:00+00:00,49.3847145,1.0679158333333334,49.38496833,1.06794833,28.32868831897771,49.384841415,1.0679320816666666,2.0,2.3166666665019875e-05,-1.4500000000028379e-05,2.7833240662383933,1.3916620331191967,-0.02229924928452154,0.8609395640938197,0.09555335036669384,False,False,False
1741799101.5606372,2025-03-12 17:05:01+00:00,49.38472216666666,1.0679083333333332,49.38496833,1.06794833,27.531180926473944,49.384845248333335,1.0679283316666666,1.0,7.666666661521049e-06,-7.500000000160156e-06,1.0117171839432368,1.0117171839432368,-0.37994484917595983,0.08971590930988747,1.1137489051012779,False,False,False
1741799102.669961,2025-03-12 17:05:02+00:00,49.38473066666667,1.0678998333333334,49.38496833,1.06794833,26.66575194438212,49.38484949833334,1.0679240816666666,1.0,8.500000006961272e-06,-8.499999999855845e-06,1.128964311283748,1.128964311283748,0.11724712734051113,0.32770770800535837,0.30172680742653984,False,False,False
1741799103.774532,2025-03-12 17:05:03+00:00,49.3847385,1.0678923333333332,49.38496833,1.06794833,25.882370837894047,49.384853414999995,1.0679203316666666,1.0,7.833333327766923e-06,-7.500000000160156e-06,1.0273876568130584,1.0273876568130584,-0.10157665447068953,0.12152431356926266,0.3212513641992445,False,False,False
1741799104.883524,2025-03-12 17:05:04+00:00,49.38473866666666,1.0678973333333333,49.38496833,1.06794833,25.809488153687393,49.38485349833333,1.0679228316666665,1.0,1.6666665914044643e-07,5.000000000032756e-06,0.36350561699159234,0.36350561699159234,-0.6638820398214661,1.2260437195465257,1.92210104315872,False,False,False
1741799105.991809,2025-03-12 17:05:05+00:00,49.38473966666667,1.0679003333333332,49.38496833,1.06794833,25.668948761567275,49.384853998333334,1.0679243316666667,1.0,1.0000000116860974e-06,2.9999999999752447e-06,0.2445703355926537,0.2445703355926537,-0.11893528139893864,1.4674621848900706,0.37067033308912967,False,False,False
1741799107.0908818,2025-03-12 17:05:06+00:00,49.38474033333333,1.0679046666666667,49.38496833,1.06794833,25.554556422045223,49.384854331666666,1.0679264983333332,1.0,6.666666649834951e-07,4.333333333494949e-06,0.32324671347046147,0.32324671347046147,0.07867637787780776,1.3077624710403277,0.1919181989671406,False,False,False
1741799108.1996071,2025-03-12 17:05:07+00:00,49.384741,1.0679086666666666,49.38496833,1.06794833,25.44648428961345,49.384854665,1.0679284983333333,1.0,6.666666649834951e-07,3.999999999892978e-06,0.2997412193236781,0.2997412193236781,-0.02350549414678338,1.3554746406952167,0.0989874570830892,False,False,False
1741799109.3060298,2025-03-12 17:05:08+00:00,49.384742333333335,1.0679138333333331,49.38496833,1.06794833,25.25920112708285,49.38485533166667,1.0679310816666665,1.0,1.3333333370724176e-06,5.166666666500674e-06,0.4033796524823825,0.4033796524823825,0.10363843315870441,1.1451061849309436,0.2629836719710386,False,False,False
1741799110.4155748,2025-03-12 17:05:10+00:00,49.384741,1.067928166666667,49.38496833,1.06794833,25.325353100840978,49.384854665,1.0679382483333333,2.0,-1.3333333370724176e-06,1.4333333333782505e-05,1.0512055642734532,0.5256027821367266,0.06111156482717206,0.8970139448187492,0.14191223056341912,False,False,False
1741799111.5202,2025-03-12 17:05:11+00:00,49.3847355,1.0679383333333332,49.38496833,1.06794833,25.90486807131207,49.384851915,1.0679433316666667,1.0,-5.50000000032469e-06,1.0166666666311386e-05,0.9586761533460114,0.9586761533460114,0.4330733712092848,0.017948393968386395,1.2008651658274767,False,False,False
1741799112.6294012,2025-03-12 17:05:12+00:00,49.384728333333335,1.0679465,49.38496833,1.06794833,26.69208497042198,49.38484833166667,1.067947415,1.0,-7.1666666627834275e-06,8.166666666697964e-06,0.9934248329037549,0.9934248329037549,0.03474867955774352,0.0525855366943439,0.06685867866886784,False,False,False
1741799113.734775,2025-03-12 17:05:13+00:00,49.38472433333333,1.0679483333333333,49.38496833,1.06794833,27.13662300548218,49.384846331666665,1.0679483316666665,1.0,-4.0000000041118255e-06,1.8333333333675483e-06,0.4643565520144287,0.4643565520144287,-0.5290682808893262,1.0213334126022988,1.5382943638554338,False,False,False
1741799114.803885,2025-03-12 17:05:14+00:00,49.384726,1.0679453333333333,49.38496833,1.06794833,26.95213926323622,49.384847165,1.0679468316666667,1.0,1.6666666695641652e-06,-2.9999999999752447e-06,0.2860148164140497,0.2860148164140497,-0.17834173560037903,1.3833369123958594,0.5397969422486186,False,False,False
1741799115.8540685,2025-03-12 17:05:15+00:00,49.384729,1.0679446666666663,49.38496833,1.06794833,26.61893837541454,49.384848665,1.067946498333333,1.0,2.9999999995311555e-06,-6.666666669818966e-07,0.3371443952640358,0.3371443952640358,0.05112957884998609,1.2795525322318122,0.11349411566845376,False,False,False
1741799116.9044116,2025-03-12 17:05:16+00:00,49.3847315,1.0679503333333331,49.38496833,1.06794833,26.339968130024314,49.384849915000004,1.0679493316666666,1.0,2.500000000793534e-06,5.666666666792608e-06,0.4965766848514114,0.4965766848514114,0.1594322895873756,0.9559320032713,0.4218254321224755,False,False,False
1741799117.9546037,2025-03-12 17:05:17+00:00,49.38473433333333,1.06796,49.38496833,1.06794833,26.03824116409927,49.38485133166667,1.067954165,1.0,2.8333333261798543e-06,9.66666666690763e-06,0.7693567357791368,0.7693567357791368,0.2727800509277254,0.40223472777224717,0.744519704807203,False,False,False
1741799119.0067866,2025-03-12 17:05:18+00:00,49.384738,1.0679668333333334,49.38496833,1.06794833,25.65185934949438,49.384853164999996,1.0679575816666667,1.0,3.666666671620078e-06,6.833333333400304e-06,0.6422284949353124,0.6422284949353124,-0.12712824084382435,0.6602835123326083,0.3939951968353509,False,False,False
1741799120.1054788,2025-03-12 17:05:19+00:00,49.3847415,1.0679705,49.38496833,1.06794833,25.27869698489885,49.384854915,1.0679594149999998,1.0,3.499999998268777e-06,3.666666666513052e-06,0.4715916338749607,0.4715916338749607,-0.1706368610603517,1.0066474225507367,0.5178616269285788,False,False,False
1741799121.2150404,2025-03-12 17:05:20+00:00,49.38474516666667,1.0679811666666668,49.38496833,1.06794833,24.933845203219683,49.384856748333334,1.0679647483333334,1.0,3.666666671620078e-06,1.0666666666825364e-05,0.8752720503242187,0.8752720503242187,0.403680416449258,0.1872445886554559,1.1171851879771733,False,False,False
1741799122.322194,2025-03-12 17:05:21+00:00,49.38474833333333,1.0679885,49.38496833,1.06794833,24.640631510596666,49.38485833166666,1.067968415,1.0,3.166666658671602e-06,7.333333333248149e-06,0.6383862105209793,0.6383862105209793,-0.2368858398032394,0.6680826985438918,0.7064684927258644,False,False,False
1741799123.4286978,2025-03-12 17:05:23+00:00,49.38474983333333,1.06801,49.38496833,1.06794833,24.709666741536513,49.38485908166666,1.067979165,2.0,1.5000000033182914e-06,2.1499999999896602e-05,1.569929176731363,0.7849645883656815,0.07328918892235109,0.37055343207569924,0.1765811953841908,False,False,False
1741799124.5376525,2025-03-12 17:05:24+00:00,49.38475116666667,1.0680228333333333,49.38496833,1.06794833,24.75065947899068,49.384859748333334,1.0679855816666666,1.0,1.3333333370724176e-06,1.2833333333350794e-05,0.9435097685447785,0.9435097685447785,0.15854518017909702,0.04873358487605245,0.41929988488703723,False,False,False
1741799125.6428392,2025-03-12 17:05:25+00:00,49.38475233333333,1.068034666666667,49.38496833,1.06794833,24.826956133440376,49.384860331666665,1.0679914983333334,1.0,1.1666666637211165e-06,1.1833333333655105e-05,0.8689196415373537,0.8689196415373537,-0.07459012700742484,0.2001389019535913,0.2444223404138,False,False,False
1741799126.7472832,2025-03-12 17:05:26+00:00,49.38475283333333,1.0680473333333331,49.38496833,1.06794833,25.02169336059326,49.384860581666665,1.0679978316666665,1.0,4.999999987376214e-07,1.2666666666216742e-05,0.9213622371112714,0.9213622371112714,0.05244259557391773,0.09368932035617993,0.11723219546589897,False,False,False
1741799127.8562324,2025-03-12 17:05:27+00:00,49.3847495,1.0680613333333333,49.38496833,1.06794833,25.683451107804412,49.384858914999995,1.0680048316666666,1.0,-3.333333332022903e-06,1.4000000000180535e-05,1.0819846695232862,1.0819846695232862,0.1606224324120148,0.23234699684550392,0.4252136973043055,False,False,False
1741799128.9650495,2025-03-12 17:05:28+00:00,49.3847415,1.0680571666666667,49.38496833,1.06794833,26.436088254560406,49.384854915,1.0680027483333334,1.0,-8.000000001118224e-06,-4.166666666582941e-06,0.9397635345023522,0.9397635345023522,-0.14222113502093403,0.05633780510996856,0.4369637605863863,False,False,False
1741799130.0736127,2025-03-12 17:05:29+00:00,49.3847385,1.0680556666666667,49.38496833,1.06794833,26.7227059214634,49.384853414999995,1.0680019983333333,1.0,-2.9999999995311555e-06,-1.4999999999876223e-06,0.35097679058664216,0.35097679058664216,-0.58878674391571,1.251475113895299,1.7083092434107887,False,False,False
1741799131.1775036,2025-03-12 17:05:30+00:00,49.384736333333336,1.0680565,49.38496833,1.06794833,26.970849763942716,49.384852331666664,1.068002415,1.0,-2.166666661196359e-06,8.333333332277704e-07,0.248450646788143,0.248450646788143,-0.10252614379849917,1.4595858107574178,0.32395450332114945,False,False,False
