Timestamp,Accel X,Accel Y,Accel Z,Gyro X,Gyro Y,Gyro Z,Magneto X,Magneto Y,Magneto Z
1746543162.3567445,1.016504,0.07124799999999999,-0.024399999999999998,31.85,2.9400000000000004,-4.7250000000000005,-0.38623410784743534,-0.1832529592284086,0.09294169224024551
1746543162.3598692,1.018944,0.064904,-0.018056,31.745000000000005,4.0600000000000005,-4.0600000000000005,-0.3844804910127137,-0.1823761508110478,0.09031126698816308
1746543162.3628027,1.012112,0.069052,-0.020252,33.495000000000005,4.41,-4.7250000000000005,-0.38053485313459007,-0.17755370451556335,0.0933800964489259
1746543162.365676,1.014064,0.061732,-0.025863999999999998,31.745000000000005,5.285,-5.95,-0.38053485313459007,-0.17755370451556335,0.0933800964489259
1746543162.3685267,1.017968,0.067344,-0.02196,32.620000000000005,1.9250000000000003,-7.07,-0.38667251205611575,-0.183691363437089,0.09425690486628671
1746543162.3713906,1.00772,0.066368,-0.033916,32.06,2.1700000000000004,-5.53,-0.38754932047347657,-0.17755370451556335,0.08811924594476107
1746543162.3742461,1.015528,0.068564,-0.028059999999999998,32.515,2.5900000000000003,-15.925,-0.38754932047347657,-0.17755370451556335,0.08811924594476107
1746543162.3771389,1.006012,0.063196,-0.02196,33.040000000000006,2.5900000000000003,-7.525,-0.38360368259535294,-0.18281455501972818,0.08811924594476107
1746543162.3800304,1.012112,0.077592,-0.020739999999999998,33.18,4.9350000000000005,-16.240000000000002,-0.3853572994300745,-0.18106093818500657,0.0911880754055239
1746543162.3828714,1.020896,0.079788,-0.027084,32.725,1.9250000000000003,-7.735,-0.38886453309951774,-0.17711530030688294,0.0925032880315651
1746543162.38572,1.016504,0.08174,-0.032452,32.410000000000004,2.8000000000000003,-7.945000000000001,-0.38886453309951774,-0.17711530030688294,0.0925032880315651
1746543162.3885438,1.010404,0.075396,-0.028304,31.85,4.165,-17.360000000000003,-0.3787812362998685,-0.1841297676457694,0.0933800964489259
1746543162.3913865,1.006012,0.073444,-0.03172,30.765000000000004,5.390000000000001,-7.595000000000001,-0.3844804910127137,-0.17930732135028496,0.09688733011836914
1746543162.3942122,1.017236,0.079544,-0.027084,31.290000000000003,5.040000000000001,-8.4,-0.3844804910127137,-0.17886891714160455,0.09294169224024551
1746543162.3970292,1.020896,0.083936,-0.023667999999999998,31.745000000000005,3.7100000000000004,-17.465000000000003,-0.3831652783866725,-0.17886891714160455,0.09294169224024551
1746543162.3998547,1.023336,0.08588799999999999,-0.026108,31.535000000000004,7.280000000000001,-7.945000000000001,-0.3822884699693117,-0.17930732135028496,0.0911880754055239
1746543162.4026809,1.0187,0.093696,-0.01586,29.680000000000003,6.055000000000001,-9.73,-0.38886453309951774,-0.1709776413853573,0.09469530907496712
1746543162.4055316,1.031876,0.094916,-0.015127999999999999,30.975,5.95,-17.92,-0.38886453309951774,-0.1709776413853573,0.09469530907496712
1746543162.408353,1.02602,0.08174,-0.018056,28.665000000000003,6.825000000000001,-7.735,-0.38053485313459007,-0.17536168347216133,0.09601052170100834
1746543162.4111943,1.02602,0.0854,-0.009271999999999999,30.870000000000005,7.945000000000001,-8.190000000000001,-0.3827268741779921,-0.17799210872424376,0.08943445857080227
1746543162.414038,1.038464,0.090524,-0.011467999999999999,29.330000000000002,7.280000000000001,-9.065000000000001,-0.3827268741779921,-0.17799210872424376,0.0920648838228847
1746543162.4168603,1.03456,0.09174399999999999,-0.013176,32.725,7.280000000000001,-17.150000000000002,-0.3809732573432705,-0.18018412976764578,0.0920648838228847
1746543162.4196873,1.0328519999999999,0.086376,-0.011956,33.145,7.175000000000001,-8.05,-0.3827268741779921,-0.1832529592284086,0.08592722490135905
1746543162.422504,1.033096,0.089792,-0.011467999999999999,33.915000000000006,6.930000000000001,-8.715000000000002,-0.3792196405085489,-0.1819377466023674,0.08768084173608066
1746543162.425295,1.0352919999999999,0.077348,-0.0026839999999999998,32.830000000000005,7.280000000000001,-6.825000000000001,-0.3792196405085489,-0.1819377466023674,0.08768084173608066
1746543162.428163,1.039196,0.079544,0.000488,28.560000000000002,6.16,-8.75,-0.38667251205611575,-0.17886891714160455,0.09031126698816308
1746543162.43101,1.037244,0.0732,0.006344,30.450000000000003,5.1450000000000005,-8.085,-0.3831652783866725,-0.17536168347216133,0.08855765015344147
1746543162.4338312,1.037488,0.075396,0.009028,27.930000000000003,6.265000000000001,-17.01,-0.3831652783866725,-0.17536168347216133,0.08899605436212188
1746543162.4366436,1.041148,0.07124799999999999,0.0075639999999999995,29.750000000000004,8.610000000000001,-8.4,-0.38404208680403334,-0.17448487505480054,0.08899605436212188
1746543162.439465,1.038464,0.07002799999999999,0.011956,29.435000000000002,8.05,-9.065000000000001,-0.3809732573432705,-0.17886891714160455,0.09425690486628671
1746543162.4422839,1.033584,0.07002799999999999,0.016104,30.870000000000005,6.720000000000001,-17.78,-0.38667251205611575,-0.17974572555896537,0.09425690486628671
1746543162.445096,1.042856,0.069784,0.016592,28.805000000000003,8.715000000000002,-8.295,-0.38667251205611575,-0.17974572555896537,0.09425690486628671
1746543162.4479175,1.039196,0.06588,0.02684,28.35,7.385000000000001,-0.10500000000000001,-0.3757124068391057,-0.17886891714160455,0.08548882069267864
1746543162.450739,1.037976,0.055388,0.023424,28.455000000000002,6.930000000000001,-8.505,-0.38404208680403334,-0.17799210872424376,0.08680403331871986
1746543162.4536815,1.032608,0.049776,0.027816,29.995000000000005,7.175000000000001,-8.82,-0.38404208680403334,-0.17799210872424376,0.08987286277948268
1746543162.4564953,1.0426119999999999,0.061488,0.027816,28.455000000000002,8.05,-7.945000000000001,-0.3831652783866725,-0.18018412976764578,0.08987286277948268
1746543162.4593158,1.03822,0.05856,0.026352,28.140000000000004,7.945000000000001,-8.190000000000001,-0.38404208680403334,-0.17886891714160455,0.0933800964489259
1746543162.4621325,1.032608,0.062708,0.030744,28.910000000000004,7.945000000000001,-7.630000000000001,-0.38360368259535294,-0.18062253397632616,0.08592722490135905
1746543162.4649432,1.030656,0.05734,0.034159999999999996,30.205000000000002,7.280000000000001,-7.07,-0.38360368259535294,-0.18062253397632616,0.08592722490135905
1746543162.4677625,1.04432,0.049288,0.02928,30.660000000000004,5.845000000000001,-8.4,-0.3827268741779921,-0.17974572555896537,0.0933800964489259
1746543162.4705782,1.033828,0.000732,0.044407999999999996,28.035000000000004,6.510000000000001,-7.385000000000001,-0.38404208680403334,-0.17843051293292417,0.08505041648399825
1746543162.473421,1.036756,0.055388,0.040015999999999996,26.180000000000003,6.055000000000001,-7.420000000000001,-0.38404208680403334,-0.17843051293292417,0.08505041648399825
1746543162.476238,1.039196,0.053191999999999996,0.041479999999999996,27.720000000000002,5.495,-6.825000000000001,-0.3844804910127137,-0.17843051293292417,0.08636562911003946
1746543162.4790568,1.030656,0.05124,0.052948,26.075000000000003,5.705000000000001,-5.95,-0.3822884699693117,-0.1845681718544498,0.08943445857080227
1746543162.481872,1.032608,0.049532,0.038796,34.475,5.845000000000001,-6.195,-0.3822884699693117,-0.18018412976764578,0.08768084173608066
1746543162.4846818,1.031876,0.05124,0.04514,25.515000000000004,6.055000000000001,-6.825000000000001,-0.387987724682157,-0.18018412976764578,0.08768084173608066
1746543162.487499,1.027484,0.043188,0.042456,29.015000000000004,4.165,-6.16,-0.38360368259535294,-0.1841297676457694,0.08461201227531784
1746543162.490315,1.034804,0.051727999999999996,0.046604,26.915000000000003,4.83,-6.615,-0.38711091626479616,-0.1819377466023674,0.08811924594476107
1746543162.4931233,1.028216,0.044407999999999996,0.049776,27.825000000000003,4.515000000000001,-5.845000000000001,-0.38711091626479616,-0.1819377466023674,0.08811924594476107
1746543162.4959414,1.034316,0.044164,0.046604,28.665000000000003,2.2750000000000004,-4.7250000000000005,-0.3792196405085489,-0.17492327926348092,0.08636562911003946
1746543162.498761,1.024556,0.045871999999999996,0.05124,19.950000000000003,1.4000000000000001,-6.195,-0.3796580447172293,-0.1819377466023674,0.08505041648399825
1746543162.501578,1.022848,0.038796,0.048799999999999996,27.685000000000002,1.5750000000000002,-5.95,-0.3796580447172293,-0.1819377466023674,0.08198158702323542
1746543162.504413,1.023824,0.037332,0.058316,25.095000000000002,-1.2950000000000002,-5.285,-0.3849188952213941,-0.17930732135028496,0.08198158702323542
1746543162.507232,1.022604,0.037332,0.05002,25.830000000000002,-0.9800000000000001,-6.720000000000001,-0.3822884699693117,-0.17930732135028496,0.08548882069267864
1746543162.5100515,1.016016,0.039772,0.044652,23.345000000000002,-7.805000000000001,-5.180000000000001,-0.38623410784743534,-0.18939061814993424,0.08198158702323542
1746543162.5128624,1.011136,0.04392,0.048799999999999996,23.87,-0.7350000000000001,-5.180000000000001,-0.38623410784743534,-0.18939061814993424,0.08198158702323542
1746543162.5156813,1.015284,0.046116,0.058804,23.345000000000002,0.14,-6.300000000000001,-0.3787812362998685,-0.1841297676457694,0.08373520385795703
1746543162.5184963,1.015528,0.043432,0.045384,27.055000000000003,-1.0850000000000002,-5.285,-0.37658921525646644,-0.18588338448049102,0.08811924594476107
1746543162.5212839,1.008208,0.046116,0.052948,33.915000000000006,-2.415,-6.055000000000001,-0.37658921525646644,-0.18588338448049102,0.08811924594476107
1746543162.524099,1.005524,0.039284,0.054168,27.720000000000002,-1.6450000000000002,-6.300000000000001,-0.3849188952213941,-0.18281455501972818,0.08855765015344147
1746543162.5269144,1.010404,0.037087999999999996,0.044896,26.6,-3.99,-4.62,-0.3796580447172293,-0.18149934239368698,0.0925032880315651
1746543162.52973,1.008452,0.040504,0.055388,27.930000000000003,-5.425000000000001,-5.74,-0.3796580447172293,-0.17974572555896537,0.08636562911003946
1746543162.5325403,1.009184,0.029036,0.05368,23.1,-6.195,-5.6000000000000005,-0.3796580447172293,-0.17974572555896537,0.08636562911003946
1746543162.5353582,0.99064,0.032695999999999996,0.057096,24.115000000000002,-6.23,-5.285,-0.37790442788250767,-0.17930732135028496,0.08899605436212188
1746543162.5381765,0.999424,0.027327999999999998,0.049776,22.225,-7.455000000000001,-5.95,-0.37483559842174485,-0.17448487505480054,0.09294169224024551
1746543162.5409868,0.995032,0.027816,0.048799999999999996,21.805000000000003,-5.215000000000001,-5.74,-0.37483559842174485,-0.17448487505480054,0.09294169224024551
1746543162.5438037,1.000888,0.027327999999999998,0.0427,21.490000000000002,-6.44,-6.510000000000001,-0.3800964489259097,-0.17799210872424376,0.0920648838228847
1746543162.5466218,1.005768,0.017324,0.046848,22.680000000000003,-5.670000000000001,-4.970000000000001,-0.3800964489259097,-0.1841297676457694,0.08417360806663744
1746543162.54945,1.0126,0.028791999999999998,0.045628,25.410000000000004,-5.985,-5.74,-0.3800964489259097,-0.18281455501972818,0.0916264796142043
1746543162.5522804,1.018212,0.03172,0.052216,24.01,-7.3500000000000005,-5.635000000000001,-0.37746602367382726,-0.18281455501972818,0.0916264796142043
1746543162.5637558,1.016992,0.031964,0.044652,25.935000000000002,-9.555000000000001,-7.630000000000001,-0.37702761946514685,-0.17974572555896537,0.09469530907496712
1746543162.5666602,1.0279719999999999,0.033916,0.0366,20.720000000000002,-10.325000000000001,-4.515000000000001,-0.37746602367382726,-0.18149934239368698,0.0925032880315651
1746543162.5694954,1.029436,0.033184,0.035623999999999996,22.365000000000002,-11.025,-6.055000000000001,-0.3818500657606313,-0.18763700131521263,0.09601052170100834
1746543162.5723147,1.032364,0.035623999999999996,0.041479999999999996,21.805000000000003,-10.115,-4.83,-0.3818500657606313,-0.18763700131521263,0.09601052170100834
1746543162.5751436,1.036024,0.036844,0.041479999999999996,21.595000000000002,-10.010000000000002,-5.285,-0.37395879000438403,-0.1850065760631302,0.09381850065760632
1746543162.577966,1.037488,0.040015999999999996,0.038308,21.14,-10.325000000000001,-5.635000000000001,-0.3726435773783428,-0.19026742656729503,0.09074967119684349
1746543162.5807805,1.042856,0.032452,0.0366,20.37,-10.99,-4.0600000000000005,-0.3726435773783428,-0.19026742656729503,0.09074967119684349
1746543162.583599,1.036268,0.031964,0.033184,19.495,-11.445,-4.62,-0.37746602367382726,-0.18763700131521263,0.09601052170100834
1746543162.5864408,1.038464,0.027327999999999998,0.030012,20.37,-11.13,-6.16,-0.3827268741779921,-0.1845681718544498,0.09688733011836914
1746543162.5892532,1.043588,0.029768,0.027084,22.680000000000003,-9.555000000000001,-5.285,-0.3827268741779921,-0.1845681718544498,0.09513371328364752
1746543162.592073,1.037,0.03904,0.034648,21.035000000000004,-9.870000000000001,-6.195,-0.37658921525646644,-0.1845681718544498,0.09513371328364752
1746543162.5948927,1.045296,0.03904,0.039284,24.535000000000004,-11.235000000000001,-6.510000000000001,-0.3691363437088996,-0.1854449802718106,0.09513371328364752
1746543162.597711,1.039684,0.027327999999999998,0.029523999999999998,23.205000000000002,-9.450000000000001,-5.180000000000001,-0.37395879000438403,-0.1832529592284086,0.09557211749232793
1746543162.6005223,1.0340719999999999,0.030744,0.028304,14.700000000000001,-10.675,-5.845000000000001,-0.37395879000438403,-0.1832529592284086,0.09557211749232793
1746543162.6033416,1.0365119999999999,0.043432,0.02684,18.41,-9.8,-6.055000000000001,-0.36957474791758,-0.18062253397632616,0.0911880754055239
1746543162.6061585,1.020164,0.033184,0.020984,17.990000000000002,-0.8400000000000001,-4.62,-0.3691363437088996,-0.183691363437089,0.09294169224024551
1746543162.608967,1.025044,0.033184,0.032208,26.635,-9.765,-6.86,-0.3691363437088996,-0.18018412976764578,0.09907935116177115
1746543162.6117826,1.023336,0.030255999999999998,0.018788,18.865000000000002,-0.7000000000000001,-6.16,-0.37220517316966245,-0.18018412976764578,0.09907935116177115
1746543162.6175394,1.022116,0.036844,0.021716,26.6,-9.345,-6.300000000000001,-0.3708899605436212,-0.18281455501972818,0.09688733011836914
1746543162.6204057,1.020896,0.040504,0.028791999999999998,19.740000000000002,-8.33,-6.86,-0.3708899605436212,-0.18281455501972818,0.09688733011836914
1746543162.6232324,1.01992,0.042212,0.02318,18.655,-7.315,-15.47,-0.37132836475230163,-0.1841297676457694,0.09951775537045156
1746543162.6260517,1.024556,0.044896,0.034648,16.66,-0.035,-6.615,-0.37483559842174485,-0.18588338448049102,0.09381850065760632
1746543162.6288633,1.019432,0.042456,0.020252,16.450000000000003,-7.665000000000001,-8.610000000000001,-0.37483559842174485,-0.18807540552389304,0.09732573432704954
1746543162.6317077,1.021384,0.047335999999999996,0.028304,17.535,-6.8950000000000005,-7.840000000000001,-0.36957474791758,-0.18807540552389304,0.09732573432704954
1746543162.6345417,1.020652,0.051727999999999996,0.020007999999999998,17.745,-6.65,-9.065000000000001,-0.3682595352915388,-0.1832529592284086,0.09601052170100834
1746543162.6373875,1.0126,0.048312,0.022448,25.515000000000004,-7.420000000000001,-6.86,-0.37658921525646644,-0.18982902235861465,0.09907935116177115
1746543162.6402152,1.023092,0.056364,0.023424,17.745,-7.210000000000001,-9.065000000000001,-0.37658921525646644,-0.18982902235861465,0.09907935116177115
1746543162.6430383,1.007476,0.056852,0.027816,18.970000000000002,-7.665000000000001,-8.96,-0.3726435773783428,-0.18106093818500657,0.09732573432704954
1746543162.645859,1.016748,0.05124,0.017568,17.675,-8.120000000000001,-7.175000000000001,-0.37746602367382726,-0.18588338448049102,0.09513371328364752
1746543162.6486757,1.012844,0.052704,0.011956,17.990000000000002,-7.5600000000000005,-17.92,-0.37746602367382726,-0.18588338448049102,0.09294169224024551
1746543162.6515007,1.00528,0.050752,0.018056,12.530000000000001,-6.545000000000001,-8.05,-0.37746602367382726,-0.1832529592284086,0.09294169224024551
1746543162.6543179,1.008696,0.056852,0.019764,14.805000000000001,-6.545000000000001,-9.835,-0.36562911003945636,-0.1845681718544498,0.10170977641385358
1746543162.6571293,1.01016,0.06344,0.01342,9.555000000000001,-5.670000000000001,-10.045000000000002,-0.36957474791758,-0.18588338448049102,0.09864094695309075
1746543162.6599486,1.00406,0.056364,0.011956,11.97,-3.6400000000000006,-9.065000000000001,-0.36957474791758,-0.18588338448049102,0.09864094695309075
1746543162.662765,1.06018,0.063684,0.017568,9.905000000000001,-4.095000000000001,-10.500000000000002,-0.36957474791758,-0.1854449802718106,0.09425690486628671
1746543162.6656067,1.007232,0.060024,0.01586,14.385000000000002,-3.99,-10.045000000000002,-0.37220517316966245,-0.18062253397632616,0.09381850065760632
1746543162.6713612,1.009428,0.054168,0.009516,15.260000000000002,-2.975,-8.155000000000001,-0.36957474791758,-0.17886891714160455,0.09381850065760632
1746543162.674203,1.00528,0.063928,0.001952,4.550000000000001,-2.5200000000000005,-9.485000000000001,-0.3678211310828584,-0.1823761508110478,0.09294169224024551
1746543162.6770186,1.013088,0.066124,0.013663999999999999,9.135000000000002,-1.2950000000000002,-9.625000000000002,-0.3678211310828584,-0.1819377466023674,0.09425690486628671
1746543162.6798394,1.0248,0.058316,0.008539999999999999,7.385000000000001,-1.8550000000000002,-9.275,-0.3678211310828584,-0.1819377466023674,0.09425690486628671
1746543162.6826622,1.013576,0.06344,0.013176,14.490000000000002,0.035,-1.6450000000000002,-0.3682595352915388,-0.18588338448049102,0.09557211749232793
1746543162.6854792,1.009184,0.05734,0.0075639999999999995,8.575000000000001,-0.17500000000000002,-9.73,-0.3704515563349408,-0.18719859710653222,0.09469530907496712
1746543162.688291,1.001376,0.063684,0.013663999999999999,13.930000000000001,-0.31500000000000006,-8.295,-0.3704515563349408,-0.18719859710653222,0.09469530907496712
1746543162.6911235,1.010648,0.05856,0.013176,10.780000000000001,0.24500000000000002,-10.395000000000001,-0.3704515563349408,-0.18018412976764578,0.09294169224024551
1746543162.6940136,1.010648,0.064416,0.014395999999999999,13.090000000000002,-0.7350000000000001,-17.78,-0.36869793950021923,-0.1819377466023674,0.09513371328364752
1746543162.696844,1.007964,0.060268,0.008052,9.8,-0.07,-10.500000000000002,-0.3643138974134152,-0.17930732135028496,0.09732573432704954
1746543162.6997032,0.996008,0.057583999999999996,-0.000732,6.965000000000001,-0.525,-9.940000000000001,-0.3643138974134152,-0.17930732135028496,0.09732573432704954
1746543162.702577,0.9989359999999999,0.061,0.012688,0.49000000000000005,-0.21000000000000002,-9.940000000000001,-0.36080666374397197,-0.18588338448049102,0.09513371328364752
1746543162.705446,1.00406,0.066856,0.008052,17.01,-0.21000000000000002,-9.485000000000001,-0.36036825953529156,-0.183691363437089,0.0916264796142043
1746543162.7083044,1.011624,0.070516,0.015372,8.365,0.7000000000000001,-9.38,-0.36036825953529156,-0.183691363437089,0.09381850065760632
1746543162.7111669,1.009916,0.12444,0.0034159999999999998,8.680000000000001,1.155,-9.73,-0.36606751424813677,-0.1841297676457694,0.09381850065760632
1746543162.7140188,1.007964,0.062464,0.001464,9.135000000000002,2.24,-10.500000000000002,-0.3612450679526523,-0.18807540552389304,0.09294169224024551
1746543162.7168574,1.007232,0.06344,0.0026839999999999998,17.325000000000003,0.35000000000000003,-9.835,-0.3647523016220956,-0.1863217886891714,0.0925032880315651
1746543162.7197065,1.00894,0.069784,0.002196,8.925,2.0300000000000002,-10.255,-0.3647523016220956,-0.1863217886891714,0.0925032880315651
1746543162.7254875,1.009672,0.07002799999999999,0.007076,6.300000000000001,2.2750000000000004,-10.71,-0.36957474791758,-0.18062253397632616,0.09425690486628671
1746543162.728361,1.015772,0.067588,0.011712,8.575000000000001,2.7300000000000004,-10.955000000000002,-0.36957474791758,-0.1845681718544498,0.09688733011836914
1746543162.7312074,1.017968,0.06222,0.008539999999999999,15.365000000000002,2.4850000000000003,-9.415000000000001,-0.3682595352915388,-0.1845681718544498,0.09688733011836914
1746543162.7340515,1.018456,0.055876,0.01586,8.47,2.4850000000000003,-9.73,-0.3700131521262604,-0.18807540552389304,0.09294169224024551
1746543162.736891,1.0255319999999999,0.057096,0.017324,9.030000000000001,4.2700000000000005,-10.71,-0.3691363437088996,-0.18982902235861465,0.08987286277948268
1746543162.7397387,1.0267519999999999,0.054655999999999996,0.01342,7.07,3.5000000000000004,-8.82,-0.3691363437088996,-0.18982902235861465,0.08987286277948268
1746543162.7425864,1.024312,0.055876,0.015616,7.945000000000001,2.4850000000000003,-10.395000000000001,-0.36036825953529156,-0.18763700131521263,0.0925032880315651
1746543162.7454672,1.02236,0.052704,0.006588,5.985,3.2550000000000003,-1.225,-0.367382726874178,-0.18106093818500657,0.0911880754055239
1746543162.7482991,1.016748,0.060024,0.022448,7.07,3.8150000000000004,-8.4,-0.367382726874178,-0.1841297676457694,0.09776413853572995
1746543162.751139,1.010892,0.058072,0.012444,9.24,3.1500000000000004,-8.96,-0.37132836475230163,-0.1841297676457694,0.09776413853572995
1746543162.7539732,1.008452,0.050508,0.021471999999999998,6.720000000000001,3.1500000000000004,-0.21000000000000002,-0.35949145111793074,-0.18018412976764578,0.09513371328364752
1746543162.756805,1.003572,0.045628,0.020984,9.24,3.3950000000000005,-8.05,-0.36606751424813677,-0.1823761508110478,0.09513371328364752
1746543162.7596629,1.002352,0.042212,0.020496,8.155000000000001,2.1700000000000004,-8.4,-0.36606751424813677,-0.1823761508110478,0.09513371328364752
1746543162.7625053,1.006012,0.045628,0.026108,0.28,1.8200000000000003,-7.385000000000001,-0.36212187637001314,-0.1867601928978518,0.09469530907496712
1746543162.7653575,1.006988,0.04758,0.020252,5.985,1.715,-6.965000000000001,-0.3665059184568172,-0.17799210872424376,0.08987286277948268
1746543162.7682104,1.002352,0.049532,0.027084,4.550000000000001,2.1350000000000002,-6.86,-0.3665059184568172,-0.18807540552389304,0.09031126698816308
1746543162.7710593,1.000644,0.050263999999999996,0.030012,8.155000000000001,0.5950000000000001,-6.055000000000001,-0.3647523016220956,-0.18807540552389304,0.09031126698816308
1746543162.7739065,0.995032,0.055876,0.026352,13.965000000000002,0.28,-5.845000000000001,-0.3581762384918895,-0.1850065760631302,0.0911880754055239
1746543162.7794907,0.988688,0.042456,0.03904,7.595000000000001,2.0300000000000002,-6.510000000000001,-0.3665059184568172,-0.18807540552389304,0.08899605436212188
1746543162.7823522,0.985516,0.045628,0.032452,7.595000000000001,-0.07,-5.075,-0.36562911003945636,-0.1841297676457694,0.09469530907496712
1746543162.7851799,0.98576,0.040504,0.030012,5.775,0.805,-3.7450000000000006,-0.36606751424813677,-0.1819377466023674,0.09513371328364752
1746543162.7880187,0.991128,0.05368,0.037576,5.53,1.715,-5.075,-0.36606751424813677,-0.18588338448049102,0.09294169224024551
1746543162.7908533,0.976488,0.044407999999999996,0.041724,5.425000000000001,-0.31500000000000006,-4.515000000000001,-0.36256028057869355,-0.18588338448049102,0.09294169224024551
1746543162.793689,0.980636,0.046848,0.045384,5.775,-0.7350000000000001,-3.7450000000000006,-0.35905304690925033,-0.18018412976764578,0.09601052170100834
1746543162.7965147,0.9755119999999999,0.043676,0.048799999999999996,6.300000000000001,-2.87,-3.6400000000000006,-0.36869793950021923,-0.1854449802718106,0.0911880754055239
1746543162.7993515,0.970144,0.03782,0.040748,5.880000000000001,-3.535,-2.415,-0.36869793950021923,-0.1854449802718106,0.0911880754055239
1746543162.8021834,0.964044,0.046116,0.038796,6.195,-3.535,-3.9550000000000005,-0.36168347216133273,-0.19070583077597544,0.0933800964489259
1746543162.8050246,0.962336,0.046848,0.04636,5.74,-4.655,-3.2900000000000005,-0.367382726874178,-0.1841297676457694,0.08768084173608066
1746543162.807869,0.96258,0.04026,0.041236,4.760000000000001,-6.545000000000001,-1.5050000000000001,-0.367382726874178,-0.1841297676457694,0.0925032880315651
1746543162.8107111,0.953796,0.036356,0.04514,4.655,-6.545000000000001,-3.535,-0.3682595352915388,-0.183691363437089,0.0925032880315651
1746543162.8135407,0.96502,0.05002,0.032452,2.4850000000000003,-5.775,-3.08,-0.3586146427005699,-0.18106093818500657,0.09557211749232793
1746543162.8163686,0.951844,0.045384,0.03782,4.340000000000001,-8.33,-0.525,-0.36036825953529156,-0.17843051293292417,0.09381850065760632
1746543162.8192008,0.957456,0.045628,0.040504,2.4850000000000003,-9.450000000000001,-1.61,-0.36036825953529156,-0.17843051293292417,0.09381850065760632
1746543162.8220334,0.958676,0.05002,0.042456,3.5700000000000003,-9.66,-2.6250000000000004,-0.3577378342832091,-0.1819377466023674,0.09688733011836914
1746543162.8248787,0.95892,0.047824,0.040504,2.6950000000000003,-17.395000000000003,-0.7350000000000001,-0.3572994300745287,-0.18149934239368698,0.09688733011836914
1746543162.8277242,0.964044,0.05246,0.039528,2.1350000000000002,-10.465000000000002,-0.9800000000000001,-0.3572994300745287,-0.18149934239368698,0.0911880754055239
1746543162.8333015,0.96868,0.121512,0.034159999999999996,1.4000000000000001,-10.325000000000001,-1.5050000000000001,-0.3581762384918895,-0.18719859710653222,0.09688733011836914
1746543162.836163,0.973316,0.065148,0.040992,0.42000000000000004,-11.55,-0.7350000000000001,-0.3546690048224463,-0.18281455501972818,0.0916264796142043
1746543162.8389986,0.97112,0.05734,0.030012,1.5050000000000001,-11.9,-0.6300000000000001,-0.3546690048224463,-0.18281455501972818,0.0916264796142043
1746543162.8418396,0.9852719999999999,0.06709999999999999,0.037332,1.2950000000000002,-10.780000000000001,-0.07,-0.3564226216571679,-0.18018412976764578,0.09513371328364752
1746543162.8446639,0.985028,0.063684,0.032208,8.715000000000002,-12.565000000000001,1.05,-0.3555458132398071,-0.1832529592284086,0.09601052170100834
1746543162.847504,0.992348,0.07124799999999999,0.031964,-1.995,-11.340000000000002,8.75,-0.3555458132398071,-0.1832529592284086,0.09644892590968873
1746543162.850335,0.995764,0.12444,0.03172,-2.31,-11.025,1.0150000000000001,-0.3586146427005699,-0.1819377466023674,0.09644892590968873
1746543162.8531606,0.999424,0.060024,0.025131999999999998,-3.22,-11.55,0.035,-0.3520385795703639,-0.17974572555896537,0.09820254274441034
1746543162.8559928,1.060668,0.072224,0.024888,-2.66,-13.020000000000001,0.14,-0.35992985532661115,-0.17711530030688294,0.10039456378781236
1746543162.8588212,1.00406,0.07076,0.024156,-2.555,-13.475000000000001,1.7850000000000001,-0.35992985532661115,-0.17711530030688294,0.10039456378781236
1746543162.8616483,1.00528,0.077592,0.017079999999999998,-3.7450000000000006,-13.790000000000001,1.5750000000000002,-0.35335379219640506,-0.17536168347216133,0.09995615957913195
1746543162.864469,1.016016,0.084668,0.021716,-4.305000000000001,-14.035000000000002,1.0150000000000001,-0.36036825953529156,-0.1823761508110478,0.09644892590968873
1746543162.867296,1.014552,0.082716,0.020007999999999998,-5.6000000000000005,-10.325000000000001,2.45,-0.36036825953529156,-0.1823761508110478,0.09644892590968873
1746543162.870126,1.019188,0.070272,0.011467999999999999,-6.0200000000000005,-12.46,3.0100000000000002,-0.3564226216571679,-0.17930732135028496,0.0920648838228847
1746543162.8729548,1.024068,0.075152,0.005612,-5.8100000000000005,-12.775,1.8200000000000003,-0.35905304690925033,-0.18149934239368698,0.10039456378781236
1746543162.8757858,1.033828,0.074664,0.0053679999999999995,-6.790000000000001,-11.340000000000002,2.555,-0.3524769837790443,-0.17667689609820253,0.09074967119684349
1746543162.8786135,1.033828,0.06709999999999999,-0.00366,-6.790000000000001,-17.605,2.9050000000000002,-0.3524769837790443,-0.17667689609820253,0.09074967119684349
1746543162.881454,1.042856,0.071736,-0.000488,-8.540000000000001,-8.995000000000001,2.24,-0.35335379219640506,-0.18106093818500657,0.09732573432704954
1746543162.8870308,1.047736,0.06222,-0.003904,-7.665000000000001,-6.545000000000001,2.45,-0.3564226216571679,-0.18062253397632616,0.09907935116177115
1746543162.889879,1.049932,0.065636,-0.013908,-7.035000000000001,-4.2,3.5700000000000003,-0.3559842174484875,-0.1841297676457694,0.09688733011836914
1746543162.8927026,1.056764,0.066124,-0.01098,-7.875000000000001,-6.545000000000001,4.69,-0.3529153879877247,-0.18062253397632616,0.09995615957913195
1746543162.8955333,1.067988,0.065636,-0.001952,-8.645000000000001,-5.005000000000001,3.7800000000000002,-0.3529153879877247,-0.17755370451556335,0.10039456378781236
1746543162.898362,1.061888,0.059536,-0.017079999999999998,-8.89,-2.975,4.9,-0.3559842174484875,-0.17755370451556335,0.10039456378781236
1746543162.9011803,1.067744,0.058804,-0.020739999999999998,-8.015,-3.325,4.130000000000001,-0.35028496273564225,-0.17667689609820253,0.10127137220517317
1746543162.9040356,1.066768,0.058316,-0.02196,-5.495,-2.415,4.795000000000001,-0.35379219640508547,-0.17711530030688294,0.09601052170100834
1746543162.906882,1.0723799999999999,0.049776,-0.031476,-7.035000000000001,-0.525,6.125000000000001,-0.35379219640508547,-0.17711530030688294,0.09601052170100834
1746543162.909723,1.069696,0.052216,-0.037087999999999996,-7.7700000000000005,0.805,7.000000000000001,-0.34984655852696184,-0.17536168347216133,0.10039456378781236
1746543162.912551,1.079212,0.045384,-0.03294,-9.100000000000001,1.3650000000000002,6.790000000000001,-0.35116177115300307,-0.17492327926348092,0.09951775537045156
1746543162.915383,1.078236,0.050263999999999996,-0.04026,-9.100000000000001,2.3800000000000003,6.23,-0.35116177115300307,-0.17448487505480054,0.08943445857080227
1746543162.9182372,1.003084,0.044896,-0.046116,-10.605,2.8350000000000004,6.6850000000000005,-0.3581762384918895,-0.17448487505480054,0.08943445857080227
1746543162.9210625,1.059692,0.052948,-0.055144,-9.415000000000001,5.180000000000001,6.335000000000001,-0.34984655852696184,-0.17404647084612013,0.09294169224024551
1746543162.9239016,1.061644,0.050752,-0.059292,-7.5600000000000005,5.845000000000001,5.11,-0.3516001753616835,-0.1714160455940377,0.09601052170100834
1746543162.9267344,1.058472,0.055388,-0.067344,-1.54,7.280000000000001,6.23,-0.3516001753616835,-0.1714160455940377,0.09601052170100834
1746543162.9295692,1.052128,0.060268,-0.071492,-7.5600000000000005,8.505,6.0200000000000005,-0.3494081543182815,-0.17580008768084174,0.09820254274441034
1746543162.9324043,1.039928,0.059536,-0.072712,-7.805000000000001,9.065000000000001,6.790000000000001,-0.3529153879877247,-0.17930732135028496,0.09469530907496712
1746543162.9352422,1.043588,0.061,-0.080276,-17.5,10.535,6.335000000000001,-0.3529153879877247,-0.17886891714160455,0.0911880754055239
1746543162.940845,1.028216,0.064904,-0.10052799999999999,-17.85,14.21,5.11,-0.34458570802279703,-0.1819377466023674,0.0920648838228847
1746543162.9436958,1.024556,0.058072,-0.094428,-9.555000000000001,15.855000000000002,6.44,-0.34853134590092066,-0.17886891714160455,0.0916264796142043
1746543162.9465294,1.020652,0.056364,-0.098332,-8.75,16.205000000000002,7.3500000000000005,-0.34853134590092066,-0.17886891714160455,0.0916264796142043
1746543162.9493835,1.019432,0.050263999999999996,-0.104188,-9.450000000000001,17.990000000000002,6.23,-0.34721613327487943,-0.17711530030688294,0.09688733011836914
1746543162.952224,1.011868,0.044652,-0.11468,-7.665000000000001,18.55,7.140000000000001,-0.3520385795703639,-0.1701008329679965,0.09557211749232793
1746543162.95506,1.05652,0.029768,-0.084912,-7.245000000000001,19.425,5.670000000000001,-0.3520385795703639,-0.1701008329679965,0.09688733011836914
1746543162.9578876,1.021384,0.022935999999999998,-0.105164,-7.035000000000001,18.55,5.565,-0.35379219640508547,-0.17623849188952215,0.09688733011836914
1746543162.9607108,0.993568,0.05246,-0.127856,-7.7700000000000005,20.44,5.565,-0.34502411223147744,-0.17448487505480054,0.08987286277948268
1746543162.9635403,0.995032,0.030744,-0.092964,-5.495,20.44,5.250000000000001,-0.3494081543182815,-0.1731696624287593,0.0911880754055239
1746543162.9663742,0.988444,0.041724,-0.10858,-5.390000000000001,23.1,6.6850000000000005,-0.3494081543182815,-0.1731696624287593,0.0911880754055239
1746543162.9691958,1.009184,0.022935999999999998,-0.105164,-7.000000000000001,22.330000000000002,5.915000000000001,-0.346777729066199,-0.1714160455940377,0.0911880754055239
1746543162.9720268,0.975024,0.04392,-0.138104,-5.915000000000001,22.995,5.915000000000001,-0.35116177115300307,-0.16790881192459448,0.08768084173608066
1746543162.974861,0.972828,0.025863999999999998,-0.1098,-6.0200000000000005,24.78,6.335000000000001,-0.35116177115300307,-0.16790881192459448,0.08987286277948268
1746543162.9776993,0.987956,0.069784,-0.140788,-6.6850000000000005,26.46,6.4750000000000005,-0.3516001753616835,-0.16922402455063568,0.08987286277948268
1746543162.9805222,0.977708,0.008539999999999999,-0.10004,-6.4750000000000005,26.250000000000004,6.125000000000001,-0.3516001753616835,-0.1709776413853573,0.08636562911003946
1746543162.9833794,0.95282,0.052948,-0.119072,-5.705000000000001,26.355000000000004,5.775,-0.3520385795703639,-0.16790881192459448,0.08373520385795703
1746543162.986212,0.97722,0.054655999999999996,-0.138348,-4.7250000000000005,35.21,8.120000000000001,-0.3520385795703639,-0.16790881192459448,0.08373520385795703
1746543162.9890397,0.979416,0.015372,-0.11053199999999999,-6.4750000000000005,24.465000000000003,6.8950000000000005,-0.34721613327487943,-0.16922402455063568,0.08899605436212188
1746543162.994618,0.948184,0.000732,-0.150548,-3.535,27.020000000000003,7.665000000000001,-0.3520385795703639,-0.17273125822007893,0.08592722490135905
1746543162.9974854,0.948672,0.02196,-0.12566,0.7350000000000001,26.250000000000004,8.680000000000001,-0.35072336694432266,-0.1705392371766769,0.08198158702323542
1746543163.000313,0.94306,0.008539999999999999,-0.150548,2.4850000000000003,19.6,8.365,-0.34853134590092066,-0.16659359929855327,0.08680403331871986
1746543163.003151,0.919636,0.01342,-0.143716,1.4000000000000001,28.035000000000004,7.140000000000001,-0.34984655852696184,-0.1687856203419553,0.08241999123191583
1746543163.005991,0.925248,0.006344,-0.12688,-6.265000000000001,26.810000000000002,7.5600000000000005,-0.34984655852696184,-0.1687856203419553,0.08241999123191583
1746543163.0088153,0.926712,0.0026839999999999998,-0.066612,0.31500000000000006,26.565,7.3500000000000005,-0.3489697501096011,-0.1696624287593161,0.08592722490135905
1746543163.0116532,0.925736,0.006344,-0.119072,-0.24500000000000002,18.725,7.665000000000001,-0.35028496273564225,-0.16396317404647084,0.0784743533537922
1746543163.0144873,0.922808,0.002928,-0.12322,1.5050000000000001,25.900000000000002,6.4750000000000005,-0.35028496273564225,-0.16396317404647084,0.0784743533537922
1746543163.0172863,0.923052,-0.005124,-0.112728,3.4650000000000003,26.915000000000003,6.8950000000000005,-0.3463393248575186,-0.16747040771591407,0.07452871547566857
1746543163.0201223,0.9201239999999999,-0.013663999999999999,-0.128832,6.615,25.795,7.3500000000000005,-0.346777729066199,-0.16396317404647084,0.07496711968434897
1746543163.0229535,0.9237839999999999,-0.0053679999999999995,-0.108092,6.405,25.480000000000004,5.460000000000001,-0.3524769837790443,-0.1687856203419553,0.07409031126698816
1746543163.0257912,0.923296,-0.010003999999999999,-0.10760399999999999,8.365,24.220000000000002,6.125000000000001,-0.3524769837790443,-0.1687856203419553,0.07409031126698816
1746543163.0286205,0.919636,0.061732,-0.122488,9.905000000000001,20.545,6.8950000000000005,-0.3463393248575186,-0.16264796142042964,0.07672073651907059
1746543163.0314517,0.91622,0.008296,-0.110776,11.200000000000001,17.745,6.790000000000001,-0.3463393248575186,-0.16264796142042964,0.07321350284962735
1746543163.0342863,0.907192,0.0060999999999999995,-0.112484,12.075000000000001,16.520000000000003,7.3500000000000005,-0.3463393248575186,-0.16264796142042964,0.07321350284962735
1746543163.0371122,0.923296,-0.05856,-0.113216,12.740000000000002,9.345,8.33,-0.346777729066199,-0.16615519508987286,0.07233669443226655
1746543163.0399485,0.921832,0.0068319999999999995,-0.10126,13.405000000000001,17.185000000000002,8.785,-0.3437088996054362,-0.16440157825515125,0.0789127575624726
1746543163.0427847,0.909632,0.007076,-0.09467199999999999,12.425,16.205000000000002,7.5600000000000005,-0.34458570802279703,-0.1687856203419553,0.06970626918018413
1746543163.04836,0.911584,0.01342,-0.10004,13.825000000000001,15.855000000000002,7.5600000000000005,-0.3305567733450241,-0.16220955721174923,0.07145988601490574
1746543163.0512106,0.921588,0.01098,-0.094428,15.575000000000001,14.105000000000002,8.225000000000001,-0.3419552827707146,-0.1687856203419553,0.07145988601490574
1746543163.0540464,0.91744,0.009028,-0.092964,17.115000000000002,12.635000000000002,8.995000000000001,-0.3419552827707146,-0.1687856203419553,0.07145988601490574
1746543163.0568755,0.93086,0.024399999999999998,-0.081008,17.535,10.850000000000001,7.105,-0.34458570802279703,-0.16703200350723366,0.07540552389302937
1746543163.05974,0.928176,0.024399999999999998,-0.084668,18.865000000000002,9.38,7.910000000000001,-0.3419552827707146,-0.1687856203419553,0.06839105655414292
1746543163.062578,0.9447679999999999,0.034404,-0.077348,17.430000000000003,16.135,8.435,-0.3419552827707146,-0.1714160455940377,0.06926786497150372
1746543163.0654297,0.950136,0.039528,-0.07417599999999999,16.66,6.720000000000001,7.3500000000000005,-0.35072336694432266,-0.1714160455940377,0.06926786497150372
1746543163.068258,0.959164,0.037332,-0.08003199999999999,24.535000000000004,5.845000000000001,8.120000000000001,-0.34458570802279703,-0.16790881192459448,0.07145988601490574
1746543163.071099,0.9638,0.05734,-0.083936,16.450000000000003,5.6000000000000005,0.035,-0.34809294169224025,-0.16615519508987286,0.06970626918018413
1746543163.0739267,0.96136,0.000488,-0.075152,19.950000000000003,4.2700000000000005,8.225000000000001,-0.34809294169224025,-0.16615519508987286,0.06970626918018413
1746543163.0767522,0.976244,0.065148,-0.068808,18.41,2.8350000000000004,8.785,-0.34721613327487943,-0.16440157825515125,0.07145988601490574
1746543163.0795972,0.97478,0.062952,-0.060268,20.055000000000003,1.155,1.3650000000000002,-0.34546251644015785,-0.16352476983779043,0.07233669443226655
1746543163.08243,0.985516,0.07076,-0.062952,18.095000000000002,2.0300000000000002,9.345,-0.34546251644015785,-0.16133274879438841,0.06970626918018413
1746543163.0852582,0.994544,0.080764,-0.061488,9.24,0.24500000000000002,9.66,-0.3463393248575186,-0.16133274879438841,0.06970626918018413
1746543163.0880961,0.98698,0.077348,-0.058804,16.905,0.805,7.455000000000001,-0.3437088996054362,-0.16527838667251205,0.07540552389302937
1746543163.0909266,0.9964959999999999,0.08588799999999999,-0.060024,15.820000000000002,0.385,10.22,-0.3419552827707146,-0.16133274879438841,0.0657606313020605
1746543163.0937579,0.999912,0.08588799999999999,-0.057583999999999996,14.595,-0.6300000000000001,8.575000000000001,-0.3419552827707146,-0.16133274879438841,0.0657606313020605
1746543163.0965903,1.001376,0.102724,-0.054655999999999996,15.925,-1.995,8.435,-0.3415168785620342,-0.16440157825515125,0.06751424813678211
1746543163.1021695,1.018456,0.106628,-0.053924,14.490000000000002,-4.305000000000001,8.365,-0.3441473038141166,-0.16352476983779043,0.06049978079789566
1746543163.105027,1.033828,0.11931599999999999,-0.051484,12.845,-4.2,8.120000000000001,-0.34853134590092066,-0.16264796142042964,0.06049978079789566
1746543163.1078598,1.036024,0.065636,-0.058072,12.285000000000002,-3.535,9.24,-0.3415168785620342,-0.16527838667251205,0.07277509864094696
1746543163.1107001,1.04066,0.13298,-0.042943999999999996,10.99,-4.550000000000001,8.785,-0.3428320911880754,-0.16527838667251205,0.07540552389302937
1746543163.113531,1.04798,0.138104,-0.055876,11.97,-5.075,8.680000000000001,-0.3428320911880754,-0.16527838667251205,0.07540552389302937
1746543163.1163568,1.065548,0.14762,-0.04514,10.465000000000002,-4.970000000000001,9.765,-0.3419552827707146,-0.15914072775098642,0.07409031126698816
1746543163.119189,1.069208,0.155916,-0.039528,7.840000000000001,-5.11,8.435,-0.3441473038141166,-0.15914072775098642,0.07803594914511179
1746543163.1220224,1.0796999999999999,0.156648,-0.049776,8.82,-5.425000000000001,0.49000000000000005,-0.3441473038141166,-0.15914072775098642,0.06532222709338009
1746543163.1248455,1.077016,0.160552,-0.042456,6.405,-6.65,9.66,-0.3463393248575186,-0.1582639193336256,0.06532222709338009
1746543163.1276736,1.091412,0.15494,-0.048312,5.215000000000001,-6.86,8.680000000000001,-0.342393686979395,-0.1600175361683472,0.07277509864094696
1746543163.1305037,1.089216,0.16348,-0.043676,4.760000000000001,-8.225000000000001,8.995000000000001,-0.33844804910127135,-0.15738711091626478,0.07102148180622533
1746543163.133294,1.089216,0.16591999999999998,-0.042212,3.0450000000000004,-6.335000000000001,9.555000000000001,-0.33844804910127135,-0.15738711091626478,0.07102148180622533
1746543163.1361382,1.097756,0.166652,-0.04392,1.9250000000000003,-6.23,8.785,-0.33888645330995176,-0.16571679088119246,0.07233669443226655
1746543163.1389964,1.090192,0.171044,-0.037332,-8.680000000000001,-6.090000000000001,1.4700000000000002,-0.3410784743533538,-0.16440157825515125,0.06970626918018413
1746543163.1418324,1.090924,0.176168,-0.048556,-2.205,-6.44,1.3650000000000002,-0.3410784743533538,-0.16440157825515125,0.06970626918018413
1746543163.1446602,1.091656,0.165188,-0.043432,-3.43,-3.6400000000000006,8.680000000000001,-0.33844804910127135,-0.1569487067075844,0.07233669443226655
1746543163.1474876,1.083848,0.162992,-0.038796,-4.41,-3.6400000000000006,8.225000000000001,-0.33844804910127135,-0.15212626041209995,0.07102148180622533
1746543163.1503303,1.081652,0.156404,-0.042456,-6.370000000000001,-3.1850000000000005,0.5950000000000001,-0.3397632617273126,-0.1578255151249452,0.06751424813678211
1746543163.155914,1.001864,0.132492,-0.056364,-7.245000000000001,-6.44,8.680000000000001,-0.34458570802279703,-0.1569487067075844,0.06356861025865848
1746543163.1587899,1.052128,0.119072,-0.059047999999999996,-8.225000000000001,-5.425000000000001,7.455000000000001,-0.3432704953967558,-0.14818062253397632,0.07014467338886453
1746543163.1616306,1.040904,0.108092,-0.06344,-7.98,-6.195,6.23,-0.3432704953967558,-0.14818062253397632,0.07014467338886453
1746543163.1644595,1.0474919999999999,0.10004,-0.061244,-8.435,-5.53,5.915000000000001,-0.340201665935993,-0.15738711091626478,0.07233669443226655
1746543163.1672988,1.02968,0.079544,-0.124928,-8.015,-5.985,5.880000000000001,-0.33581762384918895,-0.15431828145550197,0.07014467338886453
1746543163.1701345,1.025776,0.080276,-0.055632,-8.435,-2.765,6.23,-0.33888645330995176,-0.15738711091626478,0.07540552389302937
1746543163.1729572,1.029924,0.076616,-0.056608,-1.225,-4.760000000000001,4.025,-0.33888645330995176,-0.15738711091626478,0.07540552389302937
1746543163.1757922,1.0255319999999999,0.06588,-0.054412,-9.975000000000001,-4.550000000000001,5.11,-0.3415168785620342,-0.15300306882946077,0.07321350284962735
1746543163.1786587,1.017724,0.053924,-0.05246,-8.435,-5.11,4.130000000000001,-0.3371328364752302,-0.15037264357737834,0.07365190705830776
1746543163.181503,1.018456,0.061488,-0.055632,-8.015,-3.7450000000000006,2.6950000000000003,-0.3371328364752302,-0.15037264357737834,0.07365190705830776
1746543163.1843393,1.020164,0.057828,-0.05856,-15.540000000000001,-4.970000000000001,4.235,-0.3406400701446734,-0.15124945199473916,0.07102148180622533
1746543163.1871848,1.014552,0.041724,-0.00122,-10.185,-4.41,4.340000000000001,-0.34502411223147744,-0.15168785620341954,0.07145988601490574
1746543163.190021,1.006744,0.041968,-0.071736,-11.830000000000002,-4.550000000000001,3.115,-0.3428320911880754,-0.15475668566418238,0.06751424813678211
1746543163.192845,1.007964,0.03782,-0.069296,-11.410000000000002,-4.655,3.5700000000000003,-0.3428320911880754,-0.15475668566418238,0.06751424813678211
1746543163.1956797,1.007964,0.042943999999999996,-0.069296,-12.355,-4.445,2.24,-0.3371328364752302,-0.14993423936869793,0.07189829022358615
1746543163.1985266,1.014064,0.022935999999999998,-0.066612,-10.535,-4.305000000000001,2.5900000000000003,-0.33669443226654977,-0.15256466462078036,0.06882946076282333
1746543163.201408,1.003328,0.017568,-0.07442,-6.370000000000001,-3.99,3.1500000000000004,-0.33669443226654977,-0.15256466462078036,0.06882946076282333
1746543163.2042594,1.003572,0.018788,-0.06466,-4.9350000000000005,-3.2900000000000005,2.555,-0.3397632617273126,-0.14993423936869793,0.07409031126698816
1746543163.209838,1.002108,0.021716,-0.076372,-6.265000000000001,-4.095000000000001,0.9100000000000001,-0.33362560280578696,-0.15431828145550197,0.06970626918018413
1746543163.2126982,0.998204,0.0075639999999999995,-0.07198,-7.3500000000000005,-5.215000000000001,1.5750000000000002,-0.33362560280578696,-0.15431828145550197,0.06970626918018413
1746543163.215597,0.9977159999999999,0.006344,-0.07124799999999999,-5.915000000000001,-5.11,0.14,-0.3305567733450241,-0.15431828145550197,0.07058307759754494
1746543163.2188227,1.001864,0.009516,-0.000488,-5.705000000000001,-1.7500000000000002,0.7000000000000001,-0.33625602805786936,-0.15212626041209995,0.07189829022358615
1746543163.2218852,1.003084,0.022692,-0.060268,-6.055000000000001,-1.5050000000000001,1.155,-0.3309951775537045,-0.15212626041209995,0.07321350284962735
1746543163.2247505,1.005036,0.014395999999999999,-0.059536,-5.495,-1.0850000000000002,0.035,-0.3309951775537045,-0.15212626041209995,0.07321350284962735
1746543163.2276258,1.01626,0.024399999999999998,-0.058316,-5.495,-2.415,0.7000000000000001,-0.33318719859710655,-0.14555019728189392,0.06751424813678211
1746543163.2304766,1.0065,0.013663999999999999,-0.056119999999999996,-4.0600000000000005,-1.54,-8.505,-0.33274879438842614,-0.15168785620341954,0.07540552389302937
1746543163.2332911,1.00894,0.014884,-0.053191999999999996,-0.5950000000000001,-4.515000000000001,1.9250000000000003,-0.33274879438842614,-0.15168785620341954,0.07540552389302937
1746543163.236192,1.01382,0.016592,-0.060511999999999996,-2.87,-5.11,1.3650000000000002,-0.3305567733450241,-0.14905743095133714,0.07145988601490574
1746543163.2390513,1.008208,0.018543999999999998,-0.066124,-3.99,-4.655,0.14,-0.3292415607189829,-0.14993423936869793,0.0661990355107409
1746543163.2418942,1.013332,0.011467999999999999,-0.053924,-3.325,-3.7450000000000006,1.0150000000000001,-0.33494081543182813,-0.15081104778605875,0.07628233231039018
1746543163.2447214,1.00406,0.016592,-0.049044,-3.325,-2.415,0.35000000000000003,-0.33494081543182813,-0.15081104778605875,0.07628233231039018
1746543163.2475646,1.009672,0.024644,-0.05002,-1.5750000000000002,-2.87,0.7000000000000001,-0.3261727312582201,-0.14949583516001755,0.06926786497150372
1746543163.2503982,0.990152,0.018056,-0.04514,-2.87,-3.1850000000000005,0.035,-0.3314335817623849,-0.1446733888645331,0.06707584392810172
1746543163.2532218,0.944036,0.024156,-0.044896,-1.995,-3.08,-8.610000000000001,-0.3314335817623849,-0.1446733888645331,0.0661990355107409
1746543163.2560618,1.003572,0.027816,-0.037087999999999996,-1.7850000000000001,-1.9600000000000002,1.4700000000000002,-0.3415168785620342,-0.15212626041209995,0.0661990355107409
1746543163.2618923,1.00162,0.019275999999999998,-0.043188,-2.765,-3.325,-0.525,-0.33537921964050854,-0.15081104778605875,0.07277509864094696
1746543163.2647748,0.9964959999999999,0.01342,-0.031476,-1.8900000000000001,-2.5200000000000005,-0.07,-0.33537921964050854,-0.15081104778605875,0.07277509864094696
1746543163.2676234,0.9964959999999999,0.030255999999999998,-0.027572,-2.555,-2.415,0.035,-0.3279263480929417,-0.15168785620341954,0.07277509864094696
1746543163.270463,0.994788,0.013663999999999999,-0.038064,-1.6800000000000002,-1.7500000000000002,-6.615,-0.33625602805786936,-0.14028934677772906,0.07409031126698816
1746543163.2732854,1.000156,0.030012,-0.029036,-3.3950000000000005,-2.415,0.35000000000000003,-0.33625602805786936,-0.14993423936869793,0.06882946076282333
1746543163.2761416,0.9903959999999999,0.025863999999999998,-0.032452,-3.22,-2.765,1.2600000000000002,-0.33581762384918895,-0.14993423936869793,0.06882946076282333
1746543163.2789912,0.987712,0.02196,-0.025131999999999998,-3.43,-2.415,-7.945000000000001,-0.33274879438842614,-0.1477422183252959,0.06795265234546252
1746543163.2818334,0.995764,0.025863999999999998,-0.02684,-2.45,-2.975,0.805,-0.3397632617273126,-0.14949583516001755,0.06970626918018413
1746543163.284661,0.992104,0.024888,-0.018788,-3.43,-3.8500000000000005,1.6800000000000002,-0.3397632617273126,-0.14949583516001755,0.06970626918018413
1746543163.2875009,0.987224,0.026595999999999998,-0.01586,-2.45,-4.305000000000001,-7.280000000000001,-0.3340640070144673,-0.14818062253397632,0.06444541867601929
1746543163.2903407,0.991128,0.02562,-0.014884,-3.22,-4.305000000000001,-7.385000000000001,-0.340201665935993,-0.14555019728189392,0.06707584392810172
1746543163.2931662,1.001132,0.027816,-0.022692,-4.62,-5.425000000000001,1.8200000000000003,-0.340201665935993,-0.15344147303814118,0.06751424813678211
1746543163.2959945,0.9903959999999999,0.03172,-0.012199999999999999,-5.495,-5.53,0.14,-0.33844804910127135,-0.15344147303814118,0.06751424813678211
1746543163.298851,0.987956,0.029523999999999998,-0.027084,-5.8100000000000005,-5.215000000000001,-8.260000000000002,-0.3393248575186322,-0.14905743095133714,0.06663743971942131
1746543163.3016868,0.9852719999999999,0.028059999999999998,-0.017324,-5.180000000000001,-2.975,2.1350000000000002,-0.33625602805786936,-0.14730381411661553,0.06006137658921526
1746543163.304518,0.987956,0.028791999999999998,-0.016104,-3.325,-3.6400000000000006,0.45500000000000007,-0.33625602805786936,-0.14730381411661553,0.06006137658921526
1746543163.3073509,0.99064,0.020252,-0.02318,-6.370000000000001,-3.43,1.155,-0.3371328364752302,-0.1446733888645331,0.0648838228846997
1746543163.3101876,0.99308,0.016347999999999998,-0.018788,-4.83,-4.2,2.5900000000000003,-0.33625602805786936,-0.1464270056992547,0.06400701446733889
1746543163.3159773,0.991128,0.028548,-0.023912,-6.4750000000000005,-4.095000000000001,0.9100000000000001,-0.3301183691363437,-0.14818062253397632,0.06356861025865848
1746543163.3188386,0.986004,0.011224,-0.02684,-5.285,-5.11,1.2600000000000002,-0.33231039017974573,-0.15168785620341954,0.06882946076282333
1746543163.3216717,0.986004,0.014395999999999999,-0.028059999999999998,-8.225000000000001,-4.305000000000001,1.7850000000000001,-0.3314335817623849,-0.14555019728189392,0.06400701446733889
1746543163.3245037,0.9882,0.010492,-0.032452,-6.8950000000000005,-7.245000000000001,3.6750000000000003,-0.3314335817623849,-0.14555019728189392,0.06400701446733889
1746543163.32734,0.993324,0.020739999999999998,-0.029523999999999998,-6.370000000000001,-5.775,1.6800000000000002,-0.33318719859710655,-0.14686540990793512,0.06269180184129768
1746543163.3301692,0.9916159999999999,0.022203999999999998,-0.038796,-6.790000000000001,-5.775,1.5750000000000002,-0.33494081543182813,-0.14555019728189392,0.06356861025865848
1746543163.3329916,0.98698,0.021471999999999998,-0.037087999999999996,-4.7250000000000005,-6.335000000000001,2.345,-0.33494081543182813,-0.1437965804471723,0.0657606313020605
1746543163.335822,0.979904,0.016347999999999998,-0.043188,-3.8500000000000005,-7.5600000000000005,1.9250000000000003,-0.33581762384918895,-0.1437965804471723,0.0657606313020605
1746543163.338662,0.98576,0.024644,-0.041724,-4.2,-7.000000000000001,2.0300000000000002,-0.3283647523016221,-0.15256466462078036,0.06795265234546252
1746543163.3415008,0.9864919999999999,0.024399999999999998,-0.041968,-6.265000000000001,-7.000000000000001,2.345,-0.3296799649276633,-0.15168785620341954,0.06795265234546252
1746543163.3443234,0.9891759999999999,0.032695999999999996,-0.042943999999999996,-7.455000000000001,-5.635000000000001,2.345,-0.3296799649276633,-0.15168785620341954,0.06795265234546252
1746543163.3471527,0.986004,0.024888,-0.046604,-7.875000000000001,-4.865,2.8000000000000003,-0.3257343270495397,-0.1464270056992547,0.06663743971942131
1746543163.3499799,0.983808,0.029036,-0.051484,-8.855,-3.535,3.7800000000000002,-0.3340640070144673,-0.1442349846558527,0.0661990355107409
1746543163.352798,0.9882,0.032695999999999996,-0.060024,-8.33,-4.760000000000001,2.0300000000000002,-0.3340640070144673,-0.1451117930732135,0.06269180184129768
1746543163.355624,0.982588,0.029036,-0.05978,-1.6800000000000002,-3.43,2.345,-0.33362560280578696,-0.1451117930732135,0.06269180184129768
1746543163.358449,0.991128,0.034404,-0.004392,-8.540000000000001,-2.31,2.6950000000000003,-0.3292415607189829,-0.1429197720298115,0.06795265234546252
1746543163.3612826,0.9852719999999999,0.042212,-0.058804,-6.4750000000000005,-4.760000000000001,1.3650000000000002,-0.3314335817623849,-0.1477422183252959,0.06839105655414292
1746543163.3641188,0.983076,0.028548,-0.068076,-7.5600000000000005,-4.655,2.24,-0.3314335817623849,-0.1477422183252959,0.06839105655414292
1746543163.372846,0.9864919999999999,0.029768,-0.055388,-6.580000000000001,-3.8850000000000002,1.5750000000000002,-0.32354230600613765,-0.1459886014905743,0.05962297238053485
1746543163.3784208,0.988932,0.03538,-0.067344,-0.45500000000000007,-3.5700000000000003,3.2550000000000003,-0.3222270933800965,-0.13897413415168786,0.05786935554581324
1746543163.3812966,0.9852719999999999,0.026595999999999998,-0.0732,-7.455000000000001,-3.43,3.0100000000000002,-0.3314335817623849,-0.1451117930732135,0.056992547128452434
1746543163.384141,0.989664,0.036112,-0.071736,-6.6850000000000005,-1.435,3.2550000000000003,-0.3314335817623849,-0.1451117930732135,0.056992547128452434
1746543163.3869698,0.987956,0.031476,-0.072712,-5.495,-2.1,4.130000000000001,-0.3292415607189829,-0.1459886014905743,0.057430951337132836
1746543163.3897934,0.986248,0.035136,-0.073688,-5.285,-2.765,3.5700000000000003,-0.3252959228408593,-0.14555019728189392,0.057430951337132836
1746543163.3926046,0.983564,0.033916,-0.07686,-7.140000000000001,-1.7500000000000002,4.69,-0.3252959228408593,-0.1437965804471723,0.05655414291977203
1746543163.3954222,0.989664,0.036844,-0.07417599999999999,-14.875000000000002,-1.7500000000000002,3.7100000000000004,-0.32704953967558087,-0.1437965804471723,0.05655414291977203
1746543163.3982434,0.98942,0.040504,-0.08588799999999999,-10.290000000000001,-1.0850000000000002,2.24,-0.32441911442349847,-0.14861902674265673,0.05436212187637001
1746543163.4010534,0.991372,0.038064,-0.078812,-10.080000000000002,-0.6300000000000001,4.130000000000001,-0.3318719859710653,-0.1442349846558527,0.05830775975449364
1746543163.403871,0.987468,0.033916,-0.066856,-0.665,-0.42000000000000004,3.1500000000000004,-0.3318719859710653,-0.1442349846558527,0.05830775975449364
1746543163.4066885,0.982344,0.034648,-0.067588,-7.665000000000001,0.5950000000000001,4.69,-0.32135028496273566,-0.1451117930732135,0.05655414291977203
1746543163.4095035,0.988932,0.036112,-0.069052,-8.33,7.98,5.460000000000001,-0.3288031565103025,-0.14160455940377029,0.0648838228846997
1746543163.4123137,0.981368,0.033672,-0.076128,-0.24500000000000002,-1.4000000000000001,4.235,-0.3288031565103025,-0.14160455940377029,0.06313020604997809
1746543163.415148,0.983564,0.035623999999999996,-0.06417199999999999,-7.245000000000001,-0.9450000000000001,3.2550000000000003,-0.3309951775537045,-0.13678211310828584,0.06313020604997809
1746543163.4179792,0.985028,0.0366,-0.06344,-5.8100000000000005,8.89,5.670000000000001,-0.32178868917141606,-0.1433581762384919,0.06006137658921526
1746543163.420792,0.98332,0.039528,-0.067832,-8.015,0.35000000000000003,4.69,-0.3257343270495397,-0.14160455940377029,0.06444541867601929
1746543163.4236186,0.983564,0.026108,-0.06466,-6.370000000000001,-0.7350000000000001,4.340000000000001,-0.3257343270495397,-0.14160455940377029,0.06444541867601929
1746543163.4264865,0.98088,0.025376,-0.071736,-6.6850000000000005,-7.035000000000001,4.69,-0.32661113546690046,-0.1446733888645331,0.06006137658921526
1746543163.4320614,0.97966,0.033184,-0.062464,-10.500000000000002,1.5750000000000002,4.795000000000001,-0.3261727312582201,-0.1433581762384919,0.06225339763261727
1746543163.434916,0.9816119999999999,0.040748,-0.061975999999999996,-11.830000000000002,0.805,5.005000000000001,-0.3261727312582201,-0.1451117930732135,0.06225339763261727
1746543163.4377537,0.97966,0.034159999999999996,-0.058316,-10.395000000000001,0.9100000000000001,4.795000000000001,-0.3222270933800965,-0.14072775098640947,0.06181499342393687
1746543163.4405925,0.981856,0.035623999999999996,-0.062952,-10.745000000000001,1.3650000000000002,4.375,-0.32441911442349847,-0.13634370889960543,0.06049978079789566
1746543163.4434433,0.987712,0.044407999999999996,-0.068564,-9.100000000000001,0.24500000000000002,4.9,-0.32441911442349847,-0.13634370889960543,0.06049978079789566
1746543163.4462821,0.976,0.041479999999999996,-0.061,-1.7850000000000001,-0.21000000000000002,4.445,-0.3248575186321789,-0.13371328364752302,0.06006137658921526
1746543163.4491138,0.98454,0.03782,-0.06588,-9.31,0.24500000000000002,4.340000000000001,-0.32661113546690046,-0.13853572994300745,0.06225339763261727
1746543163.4519467,0.9821,0.042212,-0.06344,-9.625000000000002,1.61,4.69,-0.32661113546690046,-0.13853572994300745,0.056992547128452434
1746543163.4547772,0.98332,0.042943999999999996,-0.057583999999999996,-12.040000000000001,0.385,4.795000000000001,-0.3261727312582201,-0.1442349846558527,0.056992547128452434
1746543163.4576359,0.986248,0.034648,-0.06344,-12.180000000000001,1.155,4.795000000000001,-0.32398071021481806,-0.13809732573432704,0.052170100832968
1746543163.460482,0.991372,0.043188,-0.05246,-13.475000000000001,1.61,4.375,-0.3288031565103025,-0.14248136782113108,0.056992547128452434
1746543163.4633257,0.993324,0.04026,-0.055388,-11.620000000000001,0.7000000000000001,3.3600000000000003,-0.3288031565103025,-0.14248136782113108,0.056992547128452434
1746543163.4661596,0.988688,0.042943999999999996,-0.057828,-3.7450000000000006,-0.17500000000000002,4.69,-0.32354230600613765,-0.1446733888645331,0.056992547128452434
1746543163.4689841,0.98088,0.038308,-0.057096,-11.725000000000001,0.49000000000000005,3.5700000000000003,-0.3279263480929417,-0.13897413415168786,0.05655414291977203
1746543163.4718146,0.987468,0.04026,-0.062464,-9.975000000000001,0.7000000000000001,4.585000000000001,-0.3279263480929417,-0.13897413415168786,0.05655414291977203
1746543163.4746573,0.98454,0.049532,-0.055632,-12.39,-0.17500000000000002,3.4650000000000003,-0.32354230600613765,-0.13853572994300745,0.05392371766768961
1746543163.4774845,0.996984,0.034404,-0.061488,-11.725000000000001,-0.42000000000000004,3.4650000000000003,-0.3261727312582201,-0.13722051731696625,0.05480052608505041
1746543163.4803073,0.986736,0.041724,-0.059047999999999996,-13.895000000000001,2.2750000000000004,4.375,-0.31828145550197284,-0.13502849627356422,0.05918456817185445
1746543163.4858882,0.988444,0.045628,-0.05856,-14.560000000000002,1.155,3.0100000000000002,-0.3169662428759316,-0.13941253836036827,0.05655414291977203
1746543163.4887486,0.9864919999999999,0.040015999999999996,-0.055876,-14.105000000000002,0.24500000000000002,4.585000000000001,-0.32310390179745724,-0.14160455940377029,0.055677334502411226
1746543163.4915924,0.994544,0.043676,-0.05856,-13.475000000000001,0.035,3.3600000000000003,-0.32310390179745724,-0.14160455940377029,0.055677334502411226
1746543163.4944234,0.9852719999999999,0.042456,-0.06539199999999999,-14.455000000000002,0.805,2.4850000000000003,-0.32398071021481806,-0.14204296361245067,0.05436212187637001
1746543163.4972527,0.990884,0.043188,-0.05124,-13.895000000000001,2.3800000000000003,4.9,-0.3200350723366944,-0.13590530469092504,0.05392371766768961
1746543163.5000849,0.98942,0.033184,-0.058072,-15.750000000000002,1.4700000000000002,3.6750000000000003,-0.32266549758877683,-0.13722051731696625,0.053485313459009205
1746543163.502918,0.984784,0.026108,-0.060268,-14.875000000000002,1.8200000000000003,3.6750000000000003,-0.32266549758877683,-0.13722051731696625,0.053485313459009205
1746543163.5057466,0.983076,0.034159999999999996,-0.05734,-13.685,1.3650000000000002,4.130000000000001,-0.32398071021481806,-0.13809732573432704,0.05918456817185445
1746543163.5085762,0.982344,0.045871999999999996,-0.048068,-14.350000000000001,0.385,2.45,-0.32354230600613765,-0.13546690048224463,0.05436212187637001
1746543163.5114076,0.980148,0.038796,-0.047335999999999996,-14.14,-0.31500000000000006,3.9200000000000004,-0.32354230600613765,-0.13546690048224463,0.05436212187637001
1746543163.514236,0.973316,0.033672,-0.054168,-15.120000000000001,-0.8750000000000001,3.4650000000000003,-0.3222270933800965,-0.13634370889960543,0.058746163963174045
1746543163.5170562,0.975024,0.040504,-0.059536,-15.225000000000001,0.385,4.69,-0.3257343270495397,-0.13502849627356422,0.053485313459009205
1746543163.5198848,0.97478,0.04392,-0.049288,-13.685,0.5950000000000001,5.460000000000001,-0.3257343270495397,-0.13546690048224463,0.05436212187637001
1746543163.5227132,0.976244,0.033916,-0.0549,-14.455000000000002,-7.700000000000001,3.4650000000000003,-0.32310390179745724,-0.13546690048224463,0.05436212187637001
1746543163.525554,0.97478,0.038796,-0.04514,-16.765,8.89,3.2550000000000003,-0.32398071021481806,-0.13327487943884261,0.05611573871109163
1746543163.5283759,0.9718519999999999,0.041968,-0.049532,-16.520000000000003,-0.42000000000000004,3.4650000000000003,-0.3288031565103025,-0.13459009206488382,0.05786935554581324
1746543163.5312364,0.967704,0.044164,-0.047335999999999996,-16.415000000000003,0.7000000000000001,3.3600000000000003,-0.3288031565103025,-0.13459009206488382,0.05786935554581324
1746543163.5340776,0.979904,0.039528,-0.057828,-14.560000000000002,-0.17500000000000002,3.7800000000000002,-0.3191582639193336,-0.13634370889960543,0.055677334502411226
1746543163.5396655,0.964776,0.033428,-0.054412,-14.350000000000001,-0.42000000000000004,3.0100000000000002,-0.32091188075405525,-0.13590530469092504,0.0526085050416484
1746543163.5425193,0.964288,0.034892,-0.057583999999999996,-16.835,-8.925,4.235,-0.32704953967558087,-0.13590530469092504,0.0526085050416484
1746543163.5453777,0.96868,0.034648,-0.057583999999999996,-15.120000000000001,-0.42000000000000004,2.345,-0.3187198597106532,-0.1323980710214818,0.0526085050416484
1746543163.5482373,0.971364,0.040992,-0.05734,-17.185000000000002,-1.0850000000000002,2.0300000000000002,-0.3200350723366944,-0.1328364752301622,0.052170100832968
1746543163.551082,0.9730719999999999,0.039772,-0.11956,-16.73,-0.9800000000000001,4.130000000000001,-0.3200350723366944,-0.1328364752301622,0.052170100832968
1746543163.5539136,0.9821,0.039528,-0.056852,-15.750000000000002,8.435,2.8000000000000003,-0.3165278386672512,-0.13765892152564665,0.04997807978956598
1746543163.5567327,0.983564,0.033184,-0.05978,-17.815,-2.205,1.3650000000000002,-0.3222270933800965,-0.12889083735203857,0.052170100832968
1746543163.559564,0.9864919999999999,0.042212,-0.118828,-15.645000000000001,-0.9800000000000001,4.340000000000001,-0.3222270933800965,-0.13415168785620343,0.05085488820692679
1746543163.5623918,0.978928,0.044407999999999996,-0.060511999999999996,-14.665000000000001,-1.1900000000000002,2.6950000000000003,-0.31828145550197284,-0.13415168785620343,0.05085488820692679
1746543163.5652142,0.986004,0.042212,-0.062464,-16.310000000000002,-1.0850000000000002,0.9100000000000001,-0.32178868917141606,-0.1310828583954406,0.052170100832968
1746543163.5680447,0.98454,0.046604,-0.066368,-16.205000000000002,-1.5050000000000001,3.1500000000000004,-0.32266549758877683,-0.13546690048224463,0.04910127137220517
1746543163.5708785,0.986736,0.050263999999999996,-0.059536,-15.995000000000001,-1.6450000000000002,3.2550000000000003,-0.32266549758877683,-0.13546690048224463,0.04910127137220517
1746543163.573727,0.9943,0.059292,-0.06417199999999999,-16.415000000000003,-1.6450000000000002,2.5900000000000003,-0.3200350723366944,-0.1328364752301622,0.04910127137220517
1746543163.576567,0.988932,0.05246,-0.052216,-16.66,-0.6300000000000001,4.130000000000001,-0.32178868917141606,-0.13371328364752302,0.04690925032880316
1746543163.5794091,0.9964959999999999,0.05978,-0.06588,-17.290000000000003,-1.435,2.9050000000000002,-0.32178868917141606,-0.1310828583954406,0.04471722928540114
1746543163.5822504,0.996252,0.06709999999999999,-0.059047999999999996,-17.395000000000003,-2.5200000000000005,2.6950000000000003,-0.3222270933800965,-0.1310828583954406,0.04471722928540114
1746543163.5850756,1.00528,0.060756,-0.05734,-17.080000000000002,-1.2950000000000002,3.3600000000000003,-0.32354230600613765,-0.1310828583954406,0.04910127137220517
1746543163.5879066,1.013332,0.055876,-0.054655999999999996,-16.625,-1.7500000000000002,4.130000000000001,-0.3288031565103025,-0.12801402893467778,0.04690925032880316
1746543163.5935035,1.023824,0.06222,-0.044896,-17.395000000000003,-1.4000000000000001,3.9200000000000004,-0.3252959228408593,-0.12801402893467778,0.04515563349408154
1746543163.5963564,1.0248,0.075884,-0.030255999999999998,-17.955000000000002,-8.82,4.795000000000001,-0.319596668128014,-0.13327487943884261,0.04690925032880316
1746543163.5991924,1.02846,0.068076,-0.051727999999999996,-20.895000000000003,1.05,2.6950000000000003,-0.319596668128014,-0.13327487943884261,0.04384042086804033
1746543163.602025,1.041636,0.08052,-0.050263999999999996,-19.810000000000002,0.5950000000000001,4.69,-0.3187198597106532,-0.1310828583954406,0.04384042086804033
1746543163.6048453,1.045784,0.068808,-0.038064,-19.67,0.035,4.130000000000001,-0.3156510302498904,-0.13415168785620343,0.0398947829899167
1746543163.6077027,1.0316319999999999,0.066856,-0.044407999999999996,-20.580000000000002,0.7000000000000001,4.585000000000001,-0.3296799649276633,-0.1297676457693994,0.04296361245067953
1746543163.6105533,1.03944,0.069296,-0.041968,-12.040000000000001,0.035,4.445,-0.3296799649276633,-0.1297676457693994,0.04296361245067953
1746543163.6133988,1.03822,0.069052,-0.044652,-18.935000000000002,1.3650000000000002,4.795000000000001,-0.3222270933800965,-0.12801402893467778,0.048224462954844366
1746543163.6162298,1.037,0.069784,-0.046848,-17.080000000000002,0.7000000000000001,4.9,-0.32310390179745724,-0.12538360368259535,0.04690925032880316
1746543163.6190577,1.044564,0.068076,-0.03294,-10.080000000000002,2.24,4.585000000000001,-0.32310390179745724,-0.12538360368259535,0.048224462954844366
1746543163.6218858,1.0438319999999999,0.069052,-0.044407999999999996,-19.355,2.3800000000000003,3.8150000000000004,-0.313020604997808,-0.13064445418676018,0.048224462954844366
1746543163.6247077,1.044564,0.12395199999999999,-0.037576,-19.355,3.9200000000000004,4.9,-0.313020604997808,-0.12494519947391496,0.04910127137220517
1746543163.627542,1.040904,0.056852,-0.041724,-20.020000000000003,3.2550000000000003,4.9,-0.31828145550197284,-0.1302060499780798,0.050416483998246386
1746543163.630379,1.047736,0.067344,-0.036844,-19.250000000000004,4.025,4.445,-0.31828145550197284,-0.1302060499780798,0.050416483998246386
1746543163.6331985,1.052128,0.067344,-0.0427,-19.040000000000003,2.0300000000000002,5.565,-0.3165278386672512,-0.12582200789127576,0.0530469092503288
1746543163.6360276,1.0450519999999999,0.06588,-0.041479999999999996,-19.915000000000003,2.2750000000000004,4.025,-0.3248575186321789,-0.12669881630863655,0.048224462954844366
1746543163.6388652,1.036756,0.067344,-0.029523999999999998,-18.830000000000002,1.8200000000000003,4.48,-0.3248575186321789,-0.12669881630863655,0.051731696624287594
1746543163.641705,1.042124,0.055876,-0.01586,-20.020000000000003,3.2550000000000003,5.670000000000001,-0.31784305129329243,-0.1302060499780798,0.051731696624287594
1746543163.6472847,1.028704,0.05856,-0.020007999999999998,-19.145000000000003,2.9400000000000004,4.375,-0.3169662428759316,-0.12187637001315213,0.04515563349408154
1746543163.650142,1.03456,0.061732,-0.014884,-21.105,4.375,6.545000000000001,-0.3169662428759316,-0.12187637001315213,0.04515563349408154
1746543163.6529727,1.0431,0.056608,-0.0053679999999999995,-20.895000000000003,4.62,4.795000000000001,-0.317404647084612,-0.12713722051731696,0.053485313459009205
1746543163.6558182,1.035048,0.05124,-0.012688,-21.35,4.9350000000000005,5.355,-0.3222270933800965,-0.12494519947391496,0.04515563349408154
1746543163.6586583,1.027728,0.047824,-0.0075639999999999995,-19.705000000000002,4.7250000000000005,6.8950000000000005,-0.3222270933800965,-0.12494519947391496,0.04515563349408154
1746543163.6615005,1.019188,0.0549,-0.01586,-19.46,4.025,4.48,-0.32398071021481806,-0.12932924156071898,0.046470846120122755
1746543163.664321,1.016016,0.049776,-0.00976,-20.125000000000004,2.5900000000000003,5.670000000000001,-0.3252959228408593,-0.13459009206488382,0.04866286716352477
1746543163.6671505,1.011868,0.050508,-0.001952,-21.000000000000004,3.6050000000000004,6.335000000000001,-0.31521262604121,-0.12713722051731696,0.04997807978956598
1746543163.6699789,1.0126,0.04514,-0.008539999999999999,-21.770000000000003,1.3650000000000002,5.775,-0.31521262604121,-0.12713722051731696,0.04997807978956598
1746543163.6728086,1.014308,0.048068,-0.008052,-21.560000000000002,1.715,6.335000000000001,-0.32091188075405525,-0.1323980710214818,0.04910127137220517
1746543163.6756406,1.009672,0.055144,-0.009271999999999999,-21.525000000000002,2.4850000000000003,5.8100000000000005,-0.3222270933800965,-0.1192459447610697,0.052170100832968
1746543163.678469,1.001864,0.049044,-0.011712,-20.125000000000004,0.35000000000000003,5.8100000000000005,-0.3222270933800965,-0.1192459447610697,0.052170100832968
1746543163.6812882,1.004304,0.042212,-0.012444,-20.545,-0.525,6.0200000000000005,-0.32310390179745724,-0.12669881630863655,0.049539675580885574
1746543163.6841486,0.999912,0.05368,-0.014152,-21.98,-0.42000000000000004,6.370000000000001,-0.31784305129329243,-0.12099956159579132,0.044278825076720735
1746543163.6869812,0.996252,0.052704,-0.009271999999999999,-22.540000000000003,0.5950000000000001,4.9,-0.32310390179745724,-0.12494519947391496,0.049539675580885574
1746543163.6898088,0.9964959999999999,0.05002,0.00488,-23.065,-0.385,5.880000000000001,-0.32310390179745724,-0.12494519947391496,0.049539675580885574
1746543163.692637,1.008208,0.051727999999999996,-0.008784,-23.415000000000003,-0.6300000000000001,5.565,-0.3156510302498904,-0.12450679526523455,0.05085488820692679
1746543163.69548,1.000644,0.11956,-0.00976,-20.23,-0.525,5.355,-0.3134590092064884,-0.12538360368259535,0.049539675580885574
1746543163.7010746,1.003572,0.058804,-0.008784,-20.685000000000002,-0.07,4.9,-0.3143358176238492,-0.12757562472599737,0.04340201665935993
1746543163.7039173,0.998204,0.062464,-0.00244,-21.875000000000004,-0.8750000000000001,6.790000000000001,-0.3125822007891276,-0.12362998684787374,0.044278825076720735
1746543163.7067528,0.993568,0.058804,-0.014152,-20.650000000000002,-2.87,4.585000000000001,-0.3125822007891276,-0.12713722051731696,0.044278825076720735
1746543163.7095814,0.998692,0.063196,-0.015616,-22.540000000000003,-2.5200000000000005,5.005000000000001,-0.30995177553704517,-0.12713722051731696,0.044278825076720735
1746543163.7124083,0.998448,0.063684,-0.015127999999999999,-23.520000000000003,-2.205,4.69,-0.30907496711968435,-0.1297676457693994,0.04603244191144235
1746543163.7152352,1.006256,0.06222,-0.010492,-24.71,-4.095000000000001,3.5700000000000003,-0.31477422183252957,-0.12889083735203857,0.048224462954844366
1746543163.7180636,1.002108,0.065148,-0.017324,-23.310000000000002,-3.8500000000000005,3.4650000000000003,-0.31477422183252957,-0.12889083735203857,0.048224462954844366
1746543163.7209003,0.9943,0.066368,-0.017568,-20.685000000000002,-4.2,6.0200000000000005,-0.31082858395440593,-0.1302060499780798,0.04734765453748356
1746543163.723739,0.992592,0.061488,-0.025863999999999998,-20.020000000000003,-5.880000000000001,6.4750000000000005,-0.3103901797457256,-0.12275317843051294,0.04997807978956598
1746543163.7265716,1.00162,0.07076,-0.025131999999999998,-20.020000000000003,-5.32,5.670000000000001,-0.3103901797457256,-0.12056115738711091,0.05085488820692679
1746543163.7294207,0.99796,0.07124799999999999,-0.02562,-20.020000000000003,-6.545000000000001,6.790000000000001,-0.31477422183252957,-0.12056115738711091,0.05085488820692679
1746543163.7322514,0.996984,0.075884,-0.02928,-22.435000000000002,-7.7700000000000005,4.340000000000001,-0.30819815870232353,-0.12538360368259535,0.044278825076720735
1746543163.7350905,0.997472,0.068076,-0.033672,-22.540000000000003,-7.665000000000001,5.005000000000001,-0.3143358176238492,-0.12450679526523455,0.04515563349408154
1746543163.7379262,0.996984,0.076616,-0.02318,-22.750000000000004,-7.875000000000001,6.335000000000001,-0.3143358176238492,-0.12450679526523455,0.04515563349408154
1746543163.7407503,0.9977159999999999,0.07076,-0.022935999999999998,-22.540000000000003,-6.65,5.040000000000001,-0.317404647084612,-0.12099956159579132,0.04910127137220517
1746543163.743587,0.9964959999999999,0.071004,-0.036112,-23.17,-6.65,5.460000000000001,-0.31521262604121,-0.12231477422183253,0.04910127137220517
1746543163.7464137,1.004304,0.079056,-0.044652,-22.085,-7.455000000000001,6.125000000000001,-0.31521262604121,-0.12143796580447172,0.046470846120122755
1746543163.7492437,0.998448,0.07686,-0.04392,-21.455000000000002,-4.970000000000001,5.565,-0.3156510302498904,-0.12143796580447172,0.046470846120122755
1746543163.7548244,1.004548,0.077348,-0.038308,-21.000000000000004,-5.880000000000001,5.355,-0.317404647084612,-0.12494519947391496,0.04471722928540114
1746543163.7576845,1.010892,0.082228,-0.042456,-21.875000000000004,-6.090000000000001,4.9,-0.317404647084612,-0.12494519947391496,0.04471722928540114
1746543163.7605183,1.006988,0.08418,-0.056119999999999996,-19.810000000000002,-6.65,4.795000000000001,-0.30995177553704517,-0.1170539237176677,0.04910127137220517
1746543163.7633872,1.010404,0.077592,-0.050996,-22.225,-6.545000000000001,5.915000000000001,-0.31126698816308634,-0.12275317843051294,0.049539675580885574
1746543163.7662332,1.019188,0.083204,-0.05368,-23.065,-5.53,6.125000000000001,-0.31126698816308634,-0.12275317843051294,0.04164839982463832
1746543163.769067,1.022116,0.08662,-0.06417199999999999,-20.895000000000003,-0.49000000000000005,6.335000000000001,-0.32047347654537484,-0.1192459447610697,0.04164839982463832
1746543163.7719066,1.017724,0.089792,-0.058804,-23.730000000000004,-8.785,5.005000000000001,-0.31214379658044716,-0.12231477422183253,0.04997807978956598
1746543163.774751,1.023336,0.089792,-0.054412,-21.000000000000004,-7.7700000000000005,5.915000000000001,-0.3134590092064884,-0.12056115738711091,0.04734765453748356
1746543163.7775872,1.029436,0.088328,-0.066856,-20.020000000000003,-7.5600000000000005,5.250000000000001,-0.3134590092064884,-0.12056115738711091,0.04734765453748356
1746543163.780434,1.028704,0.083936,-0.06417199999999999,-21.875000000000004,-8.015,5.705000000000001,-0.317404647084612,-0.12231477422183253,0.04690925032880316
1746543163.7832794,1.0291919999999999,0.08784,-0.068808,-20.475,-8.225000000000001,5.8100000000000005,-0.3191582639193336,-0.1179307321350285,0.04208680403331872
1746543163.7861164,1.028704,0.08174,-0.059292,-20.23,-7.7700000000000005,5.355,-0.3191582639193336,-0.1179307321350285,0.04690925032880316
1746543163.788949,1.037244,0.08418,-0.06466,-21.315,-5.005000000000001,6.335000000000001,-0.3187198597106532,-0.12450679526523455,0.04690925032880316
