Timestamp,UTC,Latitude,Longitude,Accel X,Accel Y,Accel Z,Gyro X,Gyro Y,Gyro Z,Magneto X,Magneto Y,Magneto Z,x,y,z,w_x,w_y,w_z,Accel_corr_X,Accel_corr_Y,Accel_corr_Z,x_kf,y_kf,z_kf,vx_kf,vy_kf,vz_kf
1746544699.6629205,2025/05/06 - 15:18:19,49.38499433333333,1.067816,0.916952,0.001464,0.012688,-55.16,-17.01,2.66,-0.4424313267095266,-0.0093512565751022,-0.1151373465809468,4146629.043841535,77289.28019439522,4836231.481219326,-52.27380050337114,-15.418751752371403,4.4853326729967415,0.8107153703864419,0.4015460469709584,0.14988482019594626,4146629.838660526,77289.6738669903,4836231.628165228,0.6438033823421017,0.3188748020061103,0.1190261807873859
1746544700.4200752,2025/05/06 - 15:18:20,49.38499483333333,1.0678163333333333,1.038952,0.0053679999999999,0.06344,17.430000000000003,-4.62,-9.38,-0.4447691408533021,0.0298071303331385,-0.1075394506136762,4146629.0011951323,77289.30353199693,4836231.517411775,-34.84380050337114,-20.038751752371404,-4.894667327003259,0.5436650418257412,0.8873742674653605,-0.02167807798053681,4146630.285213419,77290.32493482744,4836231.655521226,0.7642459262705976,0.869586685533563,0.05182614437023619
1746544701.3926754,2025/05/06 - 15:18:21,49.38499483333333,1.067817,0.890112,-0.0771039999999999,0.200568,6.090000000000001,15.68,-5.880000000000001,-0.4172998246639392,0.0315604909409701,-0.2039742840444184,4146629.00029583,77289.35178021624,4836231.517411775,-28.753800503371142,-4.358751752371404,-10.774667327003261,0.8629976736334997,-0.10928316663356555,0.2859442721540473,4146630.6949798153,77290.40310373646,4836231.79409472,1.1503587815951883,0.46446061824096474,0.2599117141761832
1746544702.41847,2025/05/06 - 15:18:22,49.38499483333333,1.0678176666666666,0.934032,-0.105896,0.03904,-7.420000000000001,-0.56,-2.1,-0.4745762711864407,0.1011104617182934,-0.1081239041496201,4146628.999396527,77289.40002843548,4836231.517411775,-36.17380050337114,-4.918751752371405,-12.87466732700326,0.9123224947790609,0.22816712436019368,-0.027591490016130944,4146631.3460982554,77290.3948456174,4836231.847721288,1.5270951038034832,0.4655812797088552,0.1569339039628677
1746544703.4454603,2025/05/06 - 15:18:23,49.38500183333333,1.0678278333333333,0.843264,-0.140544,0.0712479999999999,-22.89,-6.16,-16.450000000000003,-0.4658094681472823,0.0958503798947983,-0.0584453535943892,4146628.3949275287,77290.12480254448,4836232.024106034,-59.06380050337114,-11.078751752371405,-29.32466732700326,0.49600871730094315,0.0517726589926377,0.6980100366601509,4146631.483818836,77290.7100825726,4836232.566198668,1.3855456999343705,0.39655006508796,0.7430540983249119
1746544704.4330602,2025/05/06 - 15:18:24,49.3850085,1.06784,1.320528,-0.18544,0.101016,-36.470000000000006,2.31,-4.0600000000000005,-0.4757451782583284,0.0707188778492109,-0.1402688486265342,4146627.8158915527,77290.99484540628,4836232.50667193,-95.53380050337114,-8.768751752371404,-33.384667327003264,1.3127009948694792,0.25523269957328815,0.007667579618803724,4146631.735112876,77291.41025066063,4836233.23249387,1.906418280452546,0.5678554595378311,0.6040786617303159
1746544705.4161344,2025/05/06 - 15:18:25,49.38501383333333,1.0678525,0.98332,0.001464,0.0258639999999999,-29.050000000000004,-4.0600000000000005,7.77,-0.4757451782583284,0.1262419637638807,0.0461718293395675,4146627.348930377,77291.8911095508,4836232.892724599,-124.58380050337115,-12.828751752371405,-25.614667327003264,0.9160582903281093,0.29228399608569317,0.2073561827998379,4146631.8231462836,77292.40207868321,4836233.7615535725,1.9110942408312417,0.7560568078101013,0.6344573828704154
1746544706.3998804,2025/05/06 - 15:18:26,49.38501683333333,1.067862833333333,0.956968,-0.096624,0.048312,10.920000000000002,20.44,-17.290000000000003,-0.4739918176504968,0.0730566919929865,0.0222092343658679,4146627.081810076,77292.63423739451,4836233.109879207,-113.66380050337115,7.6112482476285965,-42.90466732700327,0.8069822407277825,0.17827659590422062,0.4944240267693011,4146631.6386439647,77293.35565222375,4836234.351061967,1.7796452436171488,0.7857657297956662,0.8732730853016122
1746544707.443498,2025/05/06 - 15:18:27,49.38502116666667,1.0678743333333334,1.135088,-0.112728,0.0385519999999999,24.15,-12.740000000000002,7.910000000000001,-0.478082992402104,0.1180596142606662,-0.0315604909409701,4146626.700591053,77293.45970201354,4836233.42354695,-89.51380050337116,-5.1287517523714055,-34.99466732700326,0.9676976968098286,0.4698482673873844,0.38134288986950643,4146631.327519967,77294.46995192344,4836234.933198859,1.7886235032111801,1.0462859000784166,0.9418096505255441
1746544708.428372,2025/05/06 - 15:18:28,49.38502533333333,1.067889,0.8115439999999999,-0.07808,0.028304,23.730000000000004,8.33,-7.000000000000001,-0.4687317358270017,0.0672121566335476,-0.1274108708357685,4146626.329165467,77294.51460756286,4836233.725150524,-65.78380050337115,3.2012482476285946,-41.99466732700326,0.40763949870367505,0.18763239366958984,0.6812674883586005,4146630.5964572444,77295.59657265646,4836235.635859408,1.3102817337269257,1.00927914184992,1.2263730067357044
1746544709.4104238,2025/05/06 - 15:18:29,49.3850295,1.0679025,1.047248,-0.077592,0.125416,-75.88000000000001,31.92,-32.34,-0.4687317358270017,0.0555230859146697,-0.0327293980128579,4146625.9593134956,77295.48507860485,4836234.026754071,-141.66380050337116,35.1212482476286,-74.33466732700327,1.0325609024678508,0.06300255567959383,0.21983340441483618,4146630.0483721267,77296.5179850301,4836236.065863457,1.4937506201386515,0.8577989331128544,1.022785850246529
1746544710.3943627,2025/05/06 - 15:18:30,49.38503433333333,1.0679145,1.008208,-0.0683199999999999,0.064416,-100.87,7.420000000000001,-1.2600000000000002,-0.4926943308007013,0.0210403272939801,0.1601402688486265,4146625.5352225224,77296.34594229778,4836234.376614154,-242.53380050337117,42.5412482476286,-75.59466732700328,1.007868118365081,-0.07579154927195429,0.061301808800294635,4146629.71989019,77297.16962536096,4836236.153464053,1.632939149271233,0.6110220818163387,0.7152380005892227
1746544711.3785625,2025/05/06 - 15:18:31,49.3850385,1.0679251666666667,0.933544,0.046848,0.147376,-27.930000000000003,-0.6300000000000001,2.5900000000000003,-0.532437171244886,-0.168322618351841,0.1589713617767387,4146625.169192499,77297.11135825297,4836234.678217647,-270.46380050337115,41.9112482476286,-73.00466732700328,0.9098503336370796,0.0722546994775412,0.2497407639931955,4146629.432584273,77297.75620271704,4836236.2014516825,1.6579659235850328,0.549445877606843,0.6488470476199553
1746544712.4236124,2025/05/06 - 15:18:32,49.385042166666665,1.0679346666666667,1.22976,-0.101504,0.15616,104.02,-7.630000000000001,11.55,-0.5061367621274109,-0.0496785505552308,0.1811805961426066,4146624.8469330464,77297.79312637173,4836234.943628699,-166.44380050337116,34.2812482476286,-61.45466732700328,1.1130110625941154,-0.49392763153980845,0.2534571651395819,4146629.2915034667,77297.94222604106,4836236.306892942,1.8486260768772111,0.02457662458926381,0.6193954285147433
1746544713.4084744,2025/05/06 - 15:18:33,49.385048833333336,1.0679466666666666,1.05164,-0.079056,0.127856,88.62,-5.460000000000001,10.22,-0.4681472822910578,0.0473407364114552,-0.1227352425482174,4146624.2681199745,77298.65110538367,4836235.4261941975,-77.82380050337116,28.821248247628596,-51.23466732700328,0.4345706028903598,-0.5318146973225284,0.8104722180847761,4146628.620521007,77297.97429508698,4836236.974994624,1.3799764983505938,-0.366784857509088,1.1084570524376203
1746544714.4487386,2025/05/06 - 15:18:34,49.385059,1.0679636666666668,0.965752,-0.095648,0.066368,-8.82,-21.630000000000003,-1.1900000000000002,-0.4576271186440678,-0.0181180596142606,-0.1817650496785505,4146623.3871834707,77299.86543901441,4836236.162106457,-86.64380050337115,7.191248247628593,-52.42466732700328,0.8999454234868024,0.2903596094646816,0.22807829525993428,4146627.7259813286,77298.8488306105,4836237.727958035,1.379509959702426,0.13454709905754933,1.0115809392702941
1746544715.4318,2025/05/06 - 15:18:35,49.38506916666667,1.067981,0.732488,-0.083448,0.05856,-32.2,-10.99,-13.510000000000002,-0.4593804792518994,0.0187025131502045,-0.1776738749269433,4146622.5057967603,77301.1038961986,4836236.898018564,-118.84380050337116,-3.798751752371407,-65.93466732700328,0.4538068503953048,-0.14890615455007922,0.564639541760406,4146626.527270292,77300.07793175652,4836238.616245178,0.9987470788826998,0.19855764330152575,1.2196397621076824
1746544716.4164605,2025/05/06 - 15:18:36,49.3850775,1.0680003333333332,1.166808,-0.249856,0.20008,-32.13,-7.630000000000001,-14.560000000000002,-0.445353594389246,0.0227936879018118,-0.179427235534775,4146621.7764327964,77302.48998161826,4836237.501225096,-150.97380050337117,-11.428751752371408,-80.49466732700328,1.0495976128399902,0.5151058773739515,0.3113064763467115,4146625.6413136213,77301.91309772649,4836239.368604146,1.246267852107199,0.8333839544228321,1.1434099715758557
1746544717.4588933,2025/05/06 - 15:18:37,49.385082833333335,1.068017,1.21756,-0.12688,0.24156,-50.68000000000001,43.400000000000006,-23.730000000000004,-0.4576271186440678,0.0362361192285213,-0.1583869082407948,4146621.303847,77303.68779398793,4836237.887277222,-201.65380050337117,31.971248247628598,-104.22466732700329,0.894390211157984,-0.1731465303274748,0.8526362359296799,4146625.0985375587,77303.51706694961,4836240.231030749,1.3531467658452185,0.6956683688241015,1.5096475534385032
1746544718.4428308,2025/05/06 - 15:18:38,49.385087166666665,1.068034666666667,1.103368,0.0107359999999999,0.143472,2.31,-7.56,-1.12,-0.4587960257159555,0.0689655172413793,-0.1168907071887784,4146620.914305213,77304.95955161501,4836238.200944545,-199.34380050337117,24.4112482476286,-105.3446673270033,1.0593030651475812,0.2051078680548027,0.27189740442849547,4146624.851973066,77305.07867052093,4836240.735150388,1.5952667010411945,0.8760555229954826,1.2556219139362657
1746544719.426715,2025/05/06 - 15:18:39,49.3850945,1.0680526666666668,0.7573759999999999,-0.0414799999999999,0.029768,45.85,-0.91,21.56,-0.450613676212741,0.0263004091174751,-0.1578024547048509,4146620.2711323947,77306.25071296876,4836238.731766103,-153.49380050337118,23.5012482476286,-83.78466732700329,0.7434542596664532,0.11653942604114237,0.09959646360090796,4146624.3978364593,77306.60126015653,4836240.897626876,1.4823075590708128,0.9198460179748648,0.9057380748851607
1746544720.4670682,2025/05/06 - 15:18:40,49.38509966666667,1.0680743333333331,0.692472,-0.071736,0.049776,16.450000000000003,-13.090000000000002,11.06,-0.4482758620689655,0.005260081823495,-0.1852717708942139,4146619.8058646386,77307.81064756168,4836239.105753972,-137.0438005033712,10.411248247628597,-72.72466732700329,0.5304574925457581,-0.3222721084638915,0.31921264286413314,4146623.684461122,77307.87886277837,4836241.00141545,1.2078415020544215,0.5834172333566826,0.8315448626772388
1746544721.45093,2025/05/06 - 15:18:41,49.38510633333333,1.0680938333333334,1.077016,0.076616,0.250344,32.27,29.33,12.46,-0.4599649327878433,-0.005260081823495,-0.1560490940970192,4146619.216929295,77309.21141532423,4836239.588318906,-104.77380050337118,39.7412482476286,-60.26466732700329,0.6936408982054574,-0.002791784688556731,0.8644999157449228,4146622.8964957027,77309.13251513966,4836241.61900625,1.1378635206409884,0.5969995710140774,1.2746170820570186
1746544722.4889278,2025/05/06 - 15:18:42,49.385113,1.068112333333333,1.213656,0.06344,0.2196,33.88,13.580000000000002,7.910000000000001,-0.4587960257159555,0.0070134424313267,-0.140853302162478,4146618.6293427446,77310.53981054587,4836240.070883774,-70.89380050337118,53.3212482476286,-52.354667327003284,0.07964355785368915,-0.6065158045659224,1.0728490865169058,4146621.7231771857,77310.01828360886,4836242.72090691,0.5754448995666148,0.0987160354676767,1.7975079659586821
1746544723.4162169,2025/05/06 - 15:18:43,49.3851195,1.0681286666666667,1.043832,-0.08052,0.122488,-0.8400000000000001,-21.910000000000004,10.57,-0.4611338398597311,0.0286382232612507,-0.102863822326125,4146618.058744903,77311.71166134338,4836240.541384459,-71.73380050337119,31.4112482476286,-41.784667327003284,0.9521865275552266,0.12517227966445932,0.43444762850534957,4146620.958124843,77311.10417035823,4836243.52556318,0.9259242964387715,0.3499606703266642,1.6126502072527318
1746544724.400089,2025/05/06 - 15:18:44,49.3851255,1.0681486666666666,0.794952,-0.043432,-0.0273279999999999,-22.89,-4.2,-5.8100000000000005,-0.4576271186440678,0.0344827586206896,-0.0672121566335476,4146617.5253958306,77313.14966304443,4836240.975692727,-94.62380050337119,27.2112482476286,-47.594667327003286,0.4426367836626341,-0.06855535720431782,0.658752367175547,4146620.2877527,77312.47705856532,4836244.116407807,0.795290283367566,0.4209906469036262,1.6196112522249924
1746544725.4381654,2025/05/06 - 15:18:45,49.385134,1.0681638333333334,0.7881199999999999,0.020984,0.0561199999999999,-46.34,-0.42,-0.35,-0.4436002337814144,0.2448860315604909,-0.0017533606078316,4146616.787584096,77314.23393197606,4836241.590962683,-140.9638005033712,26.791248247628598,-47.94466732700329,0.7696965635875784,0.0957441997206894,0.1520630306067772,4146619.6877498035,77313.87576986702,4836244.373858621,0.9631166354384452,0.5910640836710832,1.1941410188487867
1746544726.366457,2025/05/06 - 15:18:46,49.3851395,1.0681795,1.133136,-0.124928,0.137616,-1.2600000000000002,22.4,-13.37,-0.4126241963763881,0.0894213909994155,-0.2273524254821741,4146616.302278322,77315.35910723639,4836241.98907848,-142.2238005033712,49.19124824762859,-61.314667327003285,1.0639947625776836,-0.42834522484562776,0.05456992482317945,4146619.5100481384,77314.92086289001,4836244.243586265,1.3614042303824472,0.2536675301099973,0.7808338584772931
1746544727.4100833,2025/05/06 - 15:18:47,49.385147833333335,1.068195,1.60308,-0.125904,0.129808,-20.58,11.27,-3.99,-0.4471069549970777,0.0233781414377556,-0.1759205143191116,4146615.5780816656,77316.46776174982,4836242.592284149,-162.80380050337118,60.46124824762859,-65.30466732700329,1.0223290645734489,-0.9246785380320568,0.8380813239246376,4146619.3805184304,77315.3409150814,4836244.668088259,1.5946151373779673,-0.4371569764535915,1.1881243983579284
1746544728.4578435,2025/05/06 - 15:18:48,49.3851545,1.0682085,1.292224,-0.111752,0.078568,-10.010000000000002,-0.14,4.2,-0.4517825832846289,0.021624780829924,-0.1607247223845704,4146614.9972396772,77317.43429437434,4836243.074848609,-172.81380050337117,60.32124824762859,-61.104667327003284,1.0315553867065201,-0.7732420125438244,0.16277155924158804,4146619.2322770106,77315.51755561166,4836245.031565294,1.7472749466089117,-0.8126189721869548,0.9448193388609996
1746544729.3874238,2025/05/06 - 15:18:49,49.38516233333333,1.068221833333333,0.821792,-0.032208,0.003904,9.52,0.0,12.81,-0.45645821157218,0.0245470485096434,-0.1507890122735242,4146614.3181629954,77318.38692882884,4836243.641861767,-163.29380050337116,60.32124824762859,-48.29466732700328,0.6765411084508828,-0.465371136331266,-0.04600567127862634,4146618.694200474,77315.97557762166,4836245.132664228,1.5156587749750936,-0.777563372110194,0.5894280383710783
1746544730.4387963,2025/05/06 - 15:18:50,49.38516883333333,1.0682366666666667,0.870592,-0.03172,0.002928,21.42,-3.640000000000001,21.35,-0.4500292226767972,0.0309760374050263,-0.1502045587375803,4146613.7495867508,77319.45021924734,4836244.112361978,-141.87380050337117,56.68124824762859,-26.94466732700328,0.6870840367721245,-0.5297958474727388,-0.0785942011955354,4146617.932017333,77316.74547783543,4836245.078852785,1.3347646921456415,-0.7460453331851109,0.3102583927291793
1746544731.4238968,2025/05/06 - 15:18:51,49.38517616666667,1.068252,0.778848,0.0400159999999999,0.05856,32.550000000000004,8.540000000000001,6.090000000000001,-0.4552893045002922,0.0344827586206896,-0.1344243132670952,4146613.1100073317,77320.54838401676,4836244.643182655,-109.32380050337116,65.2212482476286,-20.85466732700328,0.3328148020661932,-0.7043772015567328,0.06871554709632051,4146616.8207265805,77317.59886969016,4836245.181515481,0.8974954359490519,-0.8383110247805662,0.26725394705745026
1746544732.40687,2025/05/06 - 15:18:52,49.38518416666667,1.0682636666666667,1.120448,0.0531919999999999,0.179584,14.7,13.79,-0.91,-0.4786674459380479,0.0075978959672706,-0.1268264172998246,4146612.419113286,77321.38013517998,4836245.222259667,-94.62380050337116,79.0112482476286,-21.76466732700328,1.1222158165667293,-0.04139308401048022,-0.171469519937425,4146616.078364007,77318.81678933444,4836245.332112228,1.2603084368966009,-0.3477339868076381,0.07298676978470771
1746544733.4495282,2025/05/06 - 15:18:53,49.385189833333335,1.0682736666666666,1.469856,0.00976,0.187392,22.33,-0.14,-10.010000000000002,-0.4699006428988895,0.0227936879018118,-0.135593220338983,4146611.927386931,77322.09493797176,4836245.632439159,-72.29380050337116,78.8712482476286,-31.774667327003282,0.8497905816898528,-0.9423571926548708,-0.76518400971456,4146615.6174499076,77319.59327278189,4836245.0277612945,1.3443017480920347,-0.7709216188864816,-0.5667086883556176
1746544734.4368763,2025/05/06 - 15:18:54,49.38519616666667,1.0682831666666666,1.06628,-0.016592,0.126392,-4.9,-13.090000000000002,-9.94,-0.46697837521917,0.0397428404441846,-0.1385154880187025,4146611.380072684,77322.77250544324,4836246.090875006,-77.19380050337116,65.7812482476286,-41.71466732700328,0.07310808332114574,-0.8425622279809906,0.6617759217898588,4146614.64725755,77319.9932515781,4836245.531827766,0.7393722834005976,-1.0367064212789865,0.21108608005867463
1746544735.422829,2025/05/06 - 15:18:55,49.385202166666666,1.0682958333333332,0.789096,-0.04636,0.0487999999999999,-22.750000000000004,-6.300000000000001,-10.36,-0.4710695499707773,0.0473407364114552,-0.146697837521917,4146610.856615949,77323.67977534755,4836246.525182597,-99.94380050337116,59.4812482476286,-52.07466732700328,0.46143133543380416,-0.08057491142133769,0.6385859324673692,4146613.6250098804,77320.94887245071,4836246.704755111,0.6262799508472631,-0.550538163920435,0.812405401846322
1746544736.4062736,2025/05/06 - 15:18:56,49.38520533333333,1.0683115,0.9394,-0.05124,0.217648,-18.41,8.82,4.41,-0.4605493863237873,0.0613676212741087,-0.1484511981297487,4146610.56822591,77324.80861999294,4836246.75440047,-118.35380050337116,68.30124824762859,-47.664667327003286,0.9164927270932322,-0.031722838163853066,0.30249511108122107,4146613.2077785768,77322.48283461717,4836247.696577044,0.9949873852886953,-0.09959170787964317,0.9193709912367669
1746544737.387575,2025/05/06 - 15:18:57,49.385209,1.0683273333333334,1.037,-0.1307839999999999,0.199104,-5.180000000000001,11.9,-9.8,-0.4804208065458796,0.0835768556399766,-0.1852717708942139,4146610.2374137356,77325.94873959941,4836247.019810622,-123.53380050337117,80.2012482476286,-57.46466732700328,0.8510186761808318,-0.10902510323046849,0.6292826051377948,4146613.1336664264,77324.17081690289,4836248.626288543,1.2449479171140916,0.1603547638345943,1.2152618858606783
1746544738.4277573,2025/05/06 - 15:18:58,49.38521516666667,1.0683428333333334,1.362496,-0.010248,0.120536,-12.32,-1.4700000000000002,5.040000000000001,-0.5137346580946814,0.1776738749269433,-0.1911163062536528,4146609.6960666864,77327.0608005376,4836247.466182195,-135.85380050337116,78.7312482476286,-52.424667327003284,0.6754128907107806,-0.5873669701234553,1.0343339732821786,4146612.9191228445,77325.45855203779,4836249.854065323,1.2514812726611315,-0.09449822602099728,1.7540394435302853
1746544739.411049,2025/05/06 - 15:18:59,49.38522116666667,1.0683593333333332,1.104832,-0.017568,0.1151679999999999,7.000000000000001,-9.73,-2.45,-0.5797779076563413,0.1718293395675043,-0.1420222092343658,4146609.167435287,77328.2454954737,4836247.900489617,-128.85380050337116,69.0012482476286,-54.87466732700329,1.0099450222500506,-0.42748439663595617,-0.17746603544660983,4146612.7754373355,77326.56576956203,4836250.313135354,1.5126590954876824,-0.17338978658103366,1.0758780184910712
1746544740.455198,2025/05/06 - 15:19:00,49.38522833333333,1.0683736666666666,1.002352,-0.045384,0.0487999999999999,3.92,-18.62,6.580000000000001,-0.5061367621274109,0.043249561659848,-0.102863822326125,4146608.543268335,77329.27154801834,4836248.419245636,-124.93380050337116,50.38124824762859,-48.29466732700329,0.8281594788363317,-0.5668472230774035,-0.04457334027164544,4146612.490338717,77327.45916730465,4836250.266898914,1.5216846613644337,-0.36411437641067196,0.6478619439222606
1746544741.4456837,2025/05/06 - 15:19:01,49.38523666666666,1.0683846666666668,0.748592,-0.00732,0.0200079999999999,16.450000000000003,6.090000000000001,20.37,-0.4704850964348334,-0.0181180596142606,-0.1548801870251315,4146607.825140526,77330.05452421527,4836249.022450213,-108.48380050337116,56.471248247628594,-27.924667327003288,0.7459920713795191,-0.04568013343750179,-0.0474661961402716,4146611.9244469814,77328.47931109165,4836250.168982571,1.416949329376961,-0.08289117021800518,0.36245635329145864
1746544742.4303346,2025/05/06 - 15:19:02,49.38524566666667,1.0683958333333332,0.847656,0.050752,0.167384,24.85,23.8,1.8200000000000005,-0.4570426651081239,-0.0017533606078316,-0.1712448860315605,4146607.0505249966,77330.84851287819,4836249.6739110425,-83.63380050337116,80.27124824762859,-26.104667327003288,0.8491917762786281,-0.053617113447047116,-0.1584689103337139,4146611.2213698486,77329.6339788979,4836250.130058869,1.400567367933403,0.11554345987329795,0.10932326979828635
1746544743.4164305,2025/05/06 - 15:19:03,49.385254,1.0684085,1.040416,0.054168,0.34404,15.750000000000002,-6.16,14.21,-0.461718293395675,-0.0140268848626534,-0.1759205143191116,4146606.330147219,77331.75210840181,4836250.277115407,-67.88380050337116,74.1112482476286,-11.894667327003287,0.7549269392225739,-0.13666674616199115,0.7843281607908327,4146610.4281497775,77330.78061362714,4836250.856695057,1.3050375009835307,0.18049062963679982,0.7733715014122785
1746544744.4589183,2025/05/06 - 15:19:04,49.38526183333333,1.0684213333333332,1.457656,0.0107359999999999,0.298656,18.76,22.26,-6.0200000000000005,-0.4663939216832262,0.0081823495032144,-0.1659848042080654,4146605.651741119,77332.6685525527,4836250.844127417,-49.12380050337116,96.3712482476286,-17.914667327003286,-0.8627844498371401,-1.1657265163690345,0.3328007880419444,4146608.4808632936,77331.14746638283,4836251.800051251,-0.14487352440880208,-0.6695654918252699,0.9077898044391057
1746544745.4410813,2025/05/06 - 15:19:05,49.38527183333333,1.0684338333333334,1.138016,-0.02928,0.156648,-7.98,-8.540000000000001,4.760000000000001,-0.4582115721800117,0.0070134424313267,-0.1636469900642899,4146604.7909313357,77333.55746224544,4836251.567972404,-57.10380050337116,87.8312482476286,-13.154667327003285,0.7378249096752979,-0.4282329117860053,-0.7698748641733393,4146606.883838632,77331.51816534775,4836251.982588883,0.15861118425852455,-0.6745839468770193,0.05186975081651271
1746544746.4233377,2025/05/06 - 15:19:06,49.38528033333333,1.0684466666666663,0.874008,-0.02684,0.084424,-13.44,-7.140000000000001,-4.2,-0.4535359438924605,0.0093512565751022,-0.1718293395675043,4146604.056262093,77334.47285645494,4836252.183240527,-70.54380050337116,80.6912482476286,-17.354667327003284,0.24163141217181397,-0.44321727541728917,0.7189648731777719,4146605.6849435642,77332.16551759273,4836252.639042067,0.062242992392969765,-0.6389601255548699,0.6762423156183234
1746544747.413961,2025/05/06 - 15:19:07,49.385291333333335,1.0684591666666667,0.637328,-0.000488,0.091256,-15.19,4.0600000000000005,-9.8,-0.4552893045002922,0.0099357101110461,-0.1630625365283459,4146603.111057827,77335.36019145191,4836252.979469706,-85.73380050337116,84.7512482476286,-27.154667327003285,0.21813009822953955,-0.5410568267959928,-0.27238143418343036,4146604.5160589768,77332.90634449219,4836253.259713684,-0.0112062272574322,-0.6707710896523207,0.34570196258387337
1746544748.458675,2025/05/06 - 15:19:08,49.38530316666667,1.068472,0.775432,-0.073688,0.156648,-8.96,12.46,-4.0600000000000005,-0.4523670368205728,0.0134424313267095,-0.1765049678550555,4146602.0950750643,77336.270338333,4836253.836019077,-94.69380050337116,97.21124824762859,-31.214667327003284,0.5247833362613034,-0.18616006453358103,0.5667540773804004,4146603.5744598,77333.95552709968,4836254.284248723,0.20656099579918474,-0.3765393193053839,0.8194351237007539
1746544749.446586,2025/05/06 - 15:19:09,49.3853145,1.0684846666666667,1.05652,-0.16836,0.238144,-17.5,40.95,-9.94,-0.4471069549970777,0.0251315020455873,-0.1648158971361776,4146601.121513835,77337.16920979007,4836254.656376028,-112.19380050337116,138.16124824762858,-41.15466732700328,0.9360589039452359,-0.17552906449124278,0.5424716034961393,4146603.104472662,77335.20487309169,4836255.622487589,0.7310972599726964,-0.1444103867751852,1.1614099875266937
1746544750.4343426,2025/05/06 - 15:19:10,49.3853265,1.0684966666666669,1.207312,-0.105408,0.11468,-9.87,-31.640000000000004,-10.080000000000002,-0.4535359438924605,-0.0070134424313267,-0.1753360607831677,4146600.0925895153,77338.01878358306,4836255.524989065,-122.06380050337117,106.52124824762858,-51.23466732700328,1.1781224478468322,-0.048491429646613904,0.30255692578127424,4146602.9908825415,77336.54417173035,4836256.859677634,1.3077381335259686,0.11312378232434528,1.1869795366369278
1746544751.478174,2025/05/06 - 15:19:11,49.38533916666667,1.068508,1.033584,-0.083448,0.11468,3.640000000000001,-12.95,20.3,-0.4523670368205728,0.015780245470485,-0.1829339567504383,4146599.008302104,77338.81905971192,4836256.44185815,-118.42380050337117,93.57124824762857,-30.93466732700328,0.3109285066428592,-0.9827879464648699,0.1608175121067514,4146602.288864078,77337.18314497342,4836257.85031331,0.9378529464242932,-0.5301634430327353,1.0555009217134514
1746544752.4650311,2025/05/06 - 15:19:12,49.38535066666667,1.0685198333333332,0.71736,-0.0517279999999999,0.062464,10.43,-0.91,15.47,-0.4383401519579193,0.0222092343658679,-0.1876095850379894,4146598.0217990107,77339.65735770877,4836257.274278563,-107.99380050337118,92.66124824762858,-15.464667327003278,0.5265095346770768,-0.343775321387384,-0.35466765454313537,4146601.241103173,77337.77654014266,4836258.275025509,0.7962615961407941,-0.48361345899032854,0.4931486599499214
1746544753.4506197,2025/05/06 - 15:19:13,49.3853625,1.0685323333333334,0.842288,-0.014152,0.144448,13.160000000000002,30.660000000000004,2.45,-0.440093512565751,0.0116890707188778,-0.18468731735827,4146597.0062643685,77340.54337845251,4836258.130826901,-94.83380050337118,123.32124824762857,-13.014667327003277,0.7114084635778332,-0.17643944833179445,-0.43963814413014585,4146600.2078941087,77338.68646613715,4836258.349566054,0.8432371403635228,-0.27468864886879274,0.008115668310391864
1746544754.493996,2025/05/06 - 15:19:14,49.38537516666667,1.0685438333333332,0.939888,0.01464,0.2093519999999999,21.770000000000003,19.74,0.0,-0.4243132670952659,0.0455873758036236,-0.178842781998831,4146595.921750917,77341.35571525327,4836259.0476953145,-73.06380050337117,143.06124824762858,-13.014667327003277,-0.09055985841426667,-0.5987915077873625,-0.7487854728116227,4146598.6322113737,77339.44396509275,4836258.209460976,0.1901765244869883,-0.47673542247344364,-0.5667113726755831
1746544755.4775455,2025/05/06 - 15:19:15,49.38538833333333,1.0685555,1.397144,-0.047824,0.235216,23.450000000000003,17.57,5.11,-0.4307422559906487,0.0163646990064289,-0.1449444769140853,4146594.7948151347,77342.17932651631,4836260.000755652,-49.613800503371166,160.63124824762858,-7.904667327003277,0.6407345235415023,-0.3527871998373162,-1.2143415995266693,4146597.199750153,77340.22058176956,4836257.796719633,0.3318158607070597,-0.4230251207394328,-1.3236502726736048
1746544756.4087894,2025/05/06 - 15:19:16,49.38540033333333,1.0685666666666669,1.006256,-0.027816,0.145912,-4.83,-5.460000000000001,5.11,-0.3009935710111046,-0.0064289888953828,-0.1718293395675043,4146593.7670135773,77342.96858794973,4836260.8693673825,-54.443800503371165,155.17124824762857,-2.7946673270032765,0.39433390873275714,-0.22876829622441966,0.9092749937186889,4146595.9439482954,77341.1402419825,4836258.846528166,0.27437139171097547,-0.27235752113349987,0.005423721800931425
1746544757.4513483,2025/05/06 - 15:19:17,49.38541216666667,1.0685773333333333,0.85888,-0.0273279999999999,0.066856,-9.66,-16.94,-6.86,-0.4418468731735827,0.015780245470485,-0.1759205143191116,4146592.753952308,77343.72192549183,4836261.725914854,-64.10380050337116,138.23124824762857,-9.654667327003278,-0.10463616500664447,-0.42704359091782507,0.741334231739444,4146594.417247681,77341.97263721195,4836260.910220516,-0.17544778630174807,-0.33637202595968796,0.9160386681372816
1746544758.4374535,2025/05/06 - 15:19:18,49.38542316666667,1.068588833333333,0.720288,-0.044896,0.162992,-3.1500000000000004,16.59,-10.71,-0.4377556984219754,0.0163646990064289,-0.1940385739333723,4146591.81009415,77344.53688419191,4836262.522141896,-67.25380050337117,154.82124824762857,-20.36466732700328,0.6270569873210705,-0.055705400837712596,0.38870720187994023,4146593.2946320567,77342.9949003086,4836262.895136617,0.14352365222268826,-0.07207013790982852,1.2273384271910368
1746544759.4798148,2025/05/06 - 15:19:19,49.38543466666667,1.068600166666667,0.939888,-0.146888,0.228872,-8.680000000000001,5.040000000000001,-5.670000000000001,-0.4342489772063121,0.0251315020455873,-0.1981297486849795,4146590.824263647,77345.33899347884,4836263.354560886,-75.93380050337117,159.86124824762857,-26.03466732700328,-0.483291710154414,-0.8467527134659067,0.08238261106656689,4146591.768098062,77343.59369949422,4836264.338493419,-0.5356416306365758,-0.5566226997558302,1.1055259194265825
1746544760.473897,2025/05/06 - 15:19:20,49.385447166666665,1.0686115,1.045784,-0.186904,0.327448,-7.840000000000001,13.93,1.89,-0.4354178842781999,0.0227936879018118,-0.1934541203974284,4146589.7540387693,77346.13952817747,4836264.259363914,-83.77380050337118,173.79124824762857,-24.14466732700328,1.0920096153389027,-0.2067907911252575,0.02391738466413046,4146590.9524963517,77344.2962983023,4836265.339529546,0.307652569488199,-0.3808887436809781,0.9052769692587381
1746544761.4715624,2025/05/06 - 15:19:21,49.385458666666665,1.0686233333333333,1.201944,-0.175192,0.161528,-17.01,-17.990000000000002,-2.5200000000000005,-0.4330800701344243,0.0315604909409701,-0.1805961426066627,4146588.7675326294,77346.9778224806,4836265.091782496,-100.78380050337118,155.80124824762856,-26.66466732700328,0.9235525115234597,-0.49202712938039883,-0.6375052730734028,4146590.7112244186,77345.03610673698,4836265.603545038,0.8278315136538517,-0.469952393591121,0.1615658237295814
1746544762.4562526,2025/05/06 - 15:19:22,49.38546933333333,1.068634,0.940864,-0.082472,0.079544,1.33,-5.390000000000001,2.9400000000000004,-0.4383401519579193,0.0333138515488018,-0.1823495032144944,4146587.852929523,77347.73299469195,4836265.863880718,-99.45380050337118,150.41124824762858,-23.724667327003278,0.9238782501242121,-0.13230999204537297,-0.16521800800269096,4146590.5926445704,77345.95199240251,4836265.77795671,1.1831378130535133,-0.23265170402374724,0.014179590162168125
1746544763.4433346,2025/05/06 - 15:19:23,49.38547966666667,1.0686458333333333,0.699792,-0.02928,0.076616,20.65,7.420000000000001,14.14,-0.4500292226767972,0.0116890707188778,-0.1887784921098772,4146586.964882516,77348.57312483984,4836266.611850711,-78.80380050337118,157.83124824762857,-9.584667327003277,0.5109253408672662,-0.09939393227426566,0.47488136982485063,4146590.104263095,77347.07062332792,4836266.5685649235,1.04254877763459,-0.020232107907404928,0.49804404176855166
1746544764.4887433,2025/05/06 - 15:19:24,49.3854905,1.0686571666666669,0.61488,-0.04392,0.117608,20.860000000000003,2.9400000000000004,22.820000000000004,-0.4266510812390415,0.0280537697253068,-0.1934541203974284,4146586.035313152,77349.37628169858,4836267.39601263,-57.94380050337118,160.77124824762856,13.235332672996726,-0.1309878635235904,-0.3448530418428266,0.5076973326749656,4146588.8018646855,77348.04658598003,4836267.827969016,0.3374195981629101,-0.089133937455667,0.9160976413137341
1746544765.4770322,2025/05/06 - 15:19:25,49.385502333333335,1.0686686666666667,1.092632,0.046848,0.286944,22.05,7.490000000000001,11.55,-0.45645821157218,0.0,-0.168322618351841,4146585.0211243588,77350.18992583321,4836268.25255853,-35.89380050337118,168.26124824762857,24.785332672996727,-0.2805565279818232,-0.0425981321711036,-1.0944632087952146,4146586.8947636574,77349.08215419592,4836268.143853156,-0.33197253230417756,0.09816332824122301,-0.15580598534722306
1746544766.4590347,2025/05/06 - 15:19:26,49.38551366666667,1.0686803333333332,1.199016,-0.067344,0.157624,11.48,-13.510000000000002,0.77,-0.4570426651081239,0.0175336060783167,-0.1537112799532437,4146584.0489072935,77351.01641863507,4836269.072912156,-24.41380050337118,154.75124824762858,25.555332672996727,-0.22865509666671888,-0.448468815823095,1.1016408107775257,4146584.9028619356,77349.89697440121,4836269.264137732,-0.7378484889499667,-0.11798768049306343,0.9061498591867819
1746544767.4470408,2025/05/06 - 15:19:27,49.38552416666666,1.0686921666666669,0.999912,-0.094184,0.1483519999999999,-9.87,-21.28,-2.24,-0.4412624196376388,0.0403272939801285,-0.1741671537112799,4146583.1467933524,77351.85628489486,4836269.832945492,-34.28380050337118,133.47124824762858,23.315332672996725,-0.045676648811363435,-0.4917864372498786,0.8869964449728275,4146583.2451745234,77350.49428560915,4836271.028243539,-0.8039421422174033,-0.32711895927829643,1.5450865861531906
1746544768.4304528,2025/05/06 - 15:19:28,49.38553533333333,1.068704,0.780312,-0.042456,0.06344,-3.08,-4.69,-8.82,-0.4377556984219754,0.0187025131502045,-0.1864406779661017,4146582.188416326,77352.69510122499,4836270.641234737,-37.36380050337118,128.78124824762858,14.495332672996724,-0.6393582314812525,-0.45189089147721995,0.041588903773582916,4146581.4871324166,77351.05451136317,4836272.284924523,-1.2977632089061206,-0.43853890320437056,1.2455612164152523
1746544769.4687605,2025/05/06 - 15:19:29,49.385547333333335,1.068716,0.68076,-0.016104,0.089304,-19.250000000000004,20.020000000000003,-14.560000000000002,-0.4430157802454705,0.0222092343658679,-0.189947399181765,4146581.159485479,77353.54466711337,4836271.509843869,-56.61380050337118,148.8012482476286,-0.06466732700327782,-0.29083658688940384,-0.3855899835909834,0.4882654658204157,4146579.903749926,77351.71241589765,4836273.366699013,-1.3279975066054128,-0.44388253633145625,1.3484742886447492
1746544770.4529195,2025/05/06 - 15:19:30,49.38556,1.0687291666666667,1.082384,-0.1659199999999999,0.2708399999999999,-17.01,20.860000000000003,3.08,-0.4465225014611338,0.0391583869082407,-0.1636469900642899,4146580.072716376,77354.47761637658,4836272.426708834,-73.62380050337119,169.6612482476286,3.0153326729967223,-0.6539604445471033,-0.9159423311579606,0.07631682918383953,4146578.3053461276,77352.14325354529,4836274.168776094,-1.6151763215040353,-0.87537549742523,1.0632606072062396
1746544771.4954257,2025/05/06 - 15:19:31,49.385569,1.0687418333333334,1.2932,-0.210328,0.25376,13.72,32.13,3.78,-0.4360023378141437,0.0298071303331385,-0.1823495032144944,4146579.2960673394,77355.38015218743,4836273.078165376,-59.90380050337119,201.7912482476286,6.795332672996722,-0.9366514939393713,-0.8493599702855568,-0.42693074960895266,4146576.6834632885,77352.47237276702,4836274.274740078,-2.00963515811099,-1.1212851858516923,0.3880051958625642
1746544772.4773586,2025/05/06 - 15:19:32,49.385577,1.0687501666666666,1.088728,-0.046848,0.036112,50.96000000000001,-12.740000000000002,35.56,-0.4447691408533021,-0.0981881940385739,-0.227936879018118,4146578.6096627354,77355.97065245468,4836273.657237757,-8.943800503371179,189.0512482476286,42.355332672996724,0.7660701585074823,0.1177887739064019,-0.7668701236962795,4146576.382345355,77353.38678595022,4836273.770177537,-0.7813307284864367,-0.4672676459456164,-0.4023032743352787
1746544773.4625697,2025/05/06 - 15:19:33,49.38558283333333,1.068749,0.611464,-0.037576,0.097112,57.260000000000005,-21.700000000000003,7.420000000000001,-0.4716540035067212,-0.2787843366452367,-0.1753360607831677,4146578.1189382635,77355.87703507423,4836274.079477976,48.316199496628826,167.35124824762858,49.775332672996726,0.410165560725101,0.17736724467183196,-0.4301581022468203,4146576.87254983,77354.41019449191,4836273.2625733595,-0.11250268251964124,0.014512428883591222,-0.6629294934032204
1746544774.4510567,2025/05/06 - 15:19:34,49.38558833333333,1.0687375,1.163392,-0.0229359999999999,0.326472,26.320000000000004,20.51,4.970000000000001,-0.4687317358270017,-0.2957334891876096,-0.1630625365283459,4146577.6702962583,77355.03610437368,4836274.477590136,74.63619949662883,187.86124824762857,54.745332672996724,-0.5749449490866589,0.48755692984230564,0.944625596851199,4146576.7948686006,77355.09853992169,4836273.955660408,-0.5057704854464441,0.4891121348109523,0.39001196790863235
1746544775.4355574,2025/05/06 - 15:19:35,49.385593666666665,1.0687206666666669,1.433256,-0.0287919999999999,0.323544,20.090000000000003,-4.2700000000000005,9.87,-0.4745762711864407,-0.3027469316189363,-0.1548801870251315,4146577.242920188,77353.80945531462,4836274.863638249,94.72619949662884,183.59124824762856,64.61533267299673,-0.8535694063054238,1.0971897715533823,0.47678751509875256,4146575.9705542526,77355.6266026964,4836275.136332644,-1.0952863061465887,1.2091900484231632,0.8102073259893913
1746544776.474188,2025/05/06 - 15:19:36,49.3856,1.0687035,1.124352,-0.0385519999999999,0.20008,38.85,-5.74,11.13,-0.46697837521917,-0.2828755113968439,-0.1759205143191116,4146576.7315994934,77352.55710836929,4836275.322070329,133.57619949662885,177.85124824762855,75.74533267299672,-0.30582585751428115,0.7975591061800383,0.7589833331720487,4146575.147911145,77355.6610976294,4836276.51698078,-1.0724499640032479,1.3625795244185215,1.3212113787183422
1746544777.461403,2025/05/06 - 15:19:37,49.3856075,1.0686868333333333,0.779824,-0.0258639999999999,0.084424,-24.08,-8.190000000000001,-10.500000000000002,-0.4734073641145529,-0.2922267679719462,-0.1367621274108708,4146576.1211433886,77351.33911074174,4836275.864950347,109.49619949662885,169.66124824762855,65.24533267299672,0.3691240718490042,0.4679945497241711,-0.5105392739624266,4146574.9302757513,77354.93762564335,4836277.039192488,-0.4561856151728973,1.0837757384735365,0.5669821101128603
1746544778.4473517,2025/05/06 - 15:19:38,49.38561466666667,1.068672,0.681736,-0.0741759999999999,0.162016,-18.41,3.850000000000001,-16.59,-0.4167153711279953,-0.3664523670368205,-0.1373465809468147,4146575.536343248,77350.25431912976,4836276.383702287,91.08619949662885,173.51124824762854,48.65533267299672,0.37301982032889364,-0.034043154181929325,0.5968354163612823,4146575.091048762,77353.41198106915,4836277.630416491,0.009245988905886501,0.3944242847789947,0.9050874343422126
1746544779.4322827,2025/05/06 - 15:19:39,49.385622833333336,1.0686595,0.99552,-0.23668,0.286944,-10.36,-3.78,-1.12,-0.4623027469316189,-0.304500292226768,-0.1414377556984219,4146574.8639984867,77349.3368201178,4836276.9748381255,80.72619949662885,169.73124824762854,47.535332672996724,0.899724406257139,0.04709858081083655,-0.5636417908626401,4146575.604738316,77351.62835740973,4836277.727262442,0.7552449593101321,-0.03403893769099897,0.1852953307277364
1746544780.4720874,2025/05/06 - 15:19:40,49.38563083333333,1.0686456666666666,1.364936,-0.213256,0.260104,-15.330000000000002,21.28,-3.92,-0.4868497954412624,-0.2957334891876096,-0.1315020455873758,4146574.2075191317,77348.32308861367,4836277.553909873,65.39619949662885,191.01124824762854,43.61533267299672,1.1894400213942429,0.07641710549392111,-0.7453692762259481,4146576.386311343,77349.87959235365,4836277.287306553,1.492521118190273,-0.28064242103873044,-0.5047458668772633
1746544781.4534883,2025/05/06 - 15:19:41,49.38563783333333,1.0686308333333334,1.127768,-0.0854,0.013176,-0.56,-3.640000000000001,3.99,-0.4821741671537112,-0.2951490356516656,-0.1250730566919929,4146573.636783708,77347.23856029962,4836278.060597573,64.83619949662885,187.37124824762853,47.605332672996724,-0.9116940512958527,0.5150024984951147,0.4276842435436975,4146575.6647278066,77348.5630776715,4836277.530625304,0.15996865194359194,-0.0405164746559839,0.032923306384988846
1746544782.4412336,2025/05/06 - 15:19:42,49.385644,1.0686145,0.71004,-0.0619759999999999,0.0366,16.1,3.1500000000000004,16.73,-0.4734073641145529,-0.2898889538281706,-0.1455289304500292,4146573.1384014403,77346.04678709549,4836278.506965252,80.93619949662886,190.52124824762853,64.33533267299673,-0.5447607044792718,0.4508275545002249,0.0965799002618788,4146574.080677625,77347.49169305968,4836278.151427952,-0.5803422462802461,0.11045033207532062,0.2032877181344483
1746544783.4797275,2025/05/06 - 15:19:43,49.38565166666667,1.0686003333333334,0.6587999999999999,0.008784,0.092232,11.13,9.38,10.500000000000002,-0.4734073641145529,-0.2904734073641145,-0.0958503798947983,4146572.510502479,77345.00945748227,4836279.061908772,92.06619949662885,199.90124824762853,74.83533267299673,0.6601696082874802,0.012202388961120263,0.08141578764095041,4146573.1605107295,77346.27322928065,4836278.884618448,-0.055068586118677126,-0.13961732688361006,0.3214964947602429
1746544784.463312,2025/05/06 - 15:19:44,49.38565966666667,1.0685876666666667,1.162416,0.066368,0.276208,27.72,3.78,8.610000000000001,-0.4570426651081239,-0.347749853886616,-0.1098772647574517,4146571.852446881,77344.08016045824,4836279.640980179,119.78619949662885,203.68124824762853,83.44533267299673,1.0857071010446102,0.3660553742831518,-0.34518122985430344,4146573.1650002366,77345.22388052453,4836279.347893532,0.758244850319149,-0.010917713332747964,0.037139417788095014
1746544785.44752,2025/05/06 - 15:19:45,49.385666666666665,1.0685743333333333,1.272216,-0.106872,0.1659199999999999,-5.180000000000001,-7.98,7.630000000000001,-0.4623027469316189,-0.3290473407364114,-0.1420222092343658,4146571.2796852565,77343.10419032942,4836280.147667582,114.60619949662885,195.70124824762854,91.07533267299672,1.1718255482235929,0.24864575276435205,-0.47168293969861297,4146573.6756540667,77344.2515818315,4836279.48220742,1.43283596469771,-0.00038965287654757486,-0.2964408447808049
1746544786.4893925,2025/05/06 - 15:19:46,49.385672666666665,1.06856,0.930128,-0.049288,0.060024,-2.3800000000000003,2.5200000000000005,0.0,-0.45645821157218,-0.3015780245470485,-0.173582700175336,4146570.792667555,77342.05742328642,4836280.581971014,112.22619949662885,198.22124824762855,91.07533267299672,0.8842819847875564,-0.12118652892236875,0.27300088002042744,4146574.078166755,77342.9915621294,4836279.986109537,1.6352796352831387,-0.3154376363998648,0.10021892556169834
1746544787.4724002,2025/05/06 - 15:19:47,49.385678166666665,1.0685436666666666,0.723704,-0.062464,0.15128,-14.910000000000002,8.610000000000001,-14.000000000000002,-0.4535359438924605,-0.2600818234950321,-0.1718293395675043,4146570.350546427,77340.86670093391,4836280.980082447,97.31619949662885,206.83124824762857,77.07533267299672,-0.452238433409594,0.37982188901315417,0.4491665629649155,4146573.2853211286,77341.82504274251,4836280.924457048,0.5739886003468452,-0.13450003360716045,0.5609294049072129
1746544788.510512,2025/05/06 - 15:19:48,49.38568416666666,1.0685276666666663,0.948184,-0.125416,0.208376,-20.860000000000003,1.12,-4.0600000000000005,-0.450613676212741,-0.2688486265341905,-0.1361776738749269,4146569.865777796,77339.69931556474,4836281.414385776,76.45619949662886,207.95124824762857,73.01533267299672,0.5222117867967567,-0.17943469878634516,0.8082701694916077,4146572.350579543,77340.4365475892,4836282.270851152,0.5805304900626072,-0.46693219493717286,1.191457662809686
1746544789.4951873,2025/05/06 - 15:19:49,49.385691,1.0685093333333333,1.360544,-0.14396,0.257176,-15.330000000000002,5.53,-9.45,-0.4324956165984804,-0.2501461133839859,-0.1373465809468147,4146569.3138297107,77338.36175242065,4836281.90900895,61.12619949662886,213.48124824762857,63.56533267299672,0.44727753746002297,0.5507444013770286,-1.1977342615737248,4146571.5747505547,77339.27520234631,4836282.349310063,0.5586000432050224,-0.10575568555229542,-0.09765210988804518
1746544790.4793096,2025/05/06 - 15:19:50,49.385697,1.0684928333333332,1.097024,-0.073688,0.21228,-2.7300000000000004,-12.11,-0.98,-0.4558737580362361,-0.277030976037405,-0.1011104617182934,4146568.829735172,77337.15818200324,4836282.343312167,58.39619949662885,201.37124824762856,62.58533267299672,0.7302142823362328,0.3403790048051562,-0.7777426382036876,4146571.1318971585,77338.28015080548,4836281.713655102,0.8110475836813872,0.0017815895122199332,-0.7447222732222154
1746544791.460765,2025/05/06 - 15:19:51,49.38570333333333,1.068477,0.7290719999999999,-0.0302559999999999,0.067344,4.2,-6.44,15.330000000000002,-0.4570426651081239,-0.2910578609000584,-0.1332554061952074,4146568.316608933,77336.002334715,4836282.801743282,62.596199496628856,194.93124824762856,77.91533267299673,0.5535456233318169,0.22300842378942223,-0.4252659248813003,4146570.7628041236,77337.21709257479,4836281.3085734695,0.856935312782982,-0.027308191856213304,-0.8601112735070817
1746544792.444595,2025/05/06 - 15:19:52,49.38570883333333,1.068461,0.780312,0.0092719999999999,0.198616,21.42,21.28,-17.360000000000003,-0.4517825832846289,-0.2781998831092928,-0.1560490940970192,4146567.874035936,77334.83573749082,4836283.199854465,84.01619949662886,216.21124824762856,60.55533267299673,0.3431540286858141,0.030930147219978027,0.7278116111835851,4146570.250420542,77335.9377643281,4836282.029725838,0.7069192095390932,-0.2250812264897817,0.11053665622404604
1746544793.4857235,2025/05/06 - 15:19:53,49.385714666666665,1.0684456666666666,1.138992,-0.0107359999999999,0.208376,21.21,-26.53,16.8,-0.45645821157218,-0.3161893629456458,-0.1011104617182934,4146567.4024312906,77333.71686336858,4836283.622093551,105.22619949662885,189.68124824762856,77.35533267299672,-0.0933005130694799,0.9958223263243494,-0.583499360574571,4146569.3165326924,77335.23280636584,4836282.578852315,0.21638601014810022,0.4561380654515042,-0.2564592746208004
1746544794.4676647,2025/05/06 - 15:19:54,49.38571966666667,1.0684286666666667,1.41032,-0.008784,0.197152,4.83,-19.110000000000003,5.390000000000001,-0.4693161893629456,-0.3173582700175336,-0.1268264172998246,4146567.0034044813,77332.47868237359,4836283.984012728,110.05619949662885,170.57124824762855,82.74533267299672,1.2712489443087984,0.4143385782147475,-0.4901002309290895,4146569.1640416803,77334.4698846565,4836282.751916268,1.0392387943448833,0.4572432428014759,-0.49086302782656444
1746544795.455187,2025/05/06 - 15:19:55,49.385726,1.0684085,1.063352,-0.0185439999999999,0.103944,7.35,-6.0200000000000005,12.32,-0.4640561075394506,-0.3103448275862069,-0.1390999415546464,4146566.4961253847,77331.00922748745,4836284.442443632,117.40619949662884,164.55124824762854,95.06533267299673,-0.3766009336197,0.9908501882368002,0.13510496750255988,4146568.4379108422,77333.73113075459,4836283.295622118,0.25965991353620616,0.8832179517556058,-0.11775865754149714
1746544796.437035,2025/05/06 - 15:19:56,49.38573216666666,1.0683883333333333,0.6944239999999999,-0.024888,0.055632,-21.98,-5.95,-3.71,-0.4769140853302162,-0.3004091174751607,-0.1385154880187025,4146566.0029114536,77329.54003527974,4836284.888810508,95.42619949662884,158.60124824762855,91.35533267299674,0.5180887872009454,0.31261599818347274,-0.3461130884557885,4146567.73570902,77332.52432800323,4836283.7985131545,0.41814192576672227,0.5765048933739367,-0.23760277919458275
1746544797.4783702,2025/05/06 - 15:19:57,49.38573766666666,1.0683688333333332,0.69784,-0.0546559999999999,0.240584,-18.9,27.44,-12.32,-0.4792518994739918,-0.3074225599064874,-0.1285797779076563,4146565.5650601527,77328.12014014019,4836285.286921457,76.52619949662883,186.04124824762854,79.03533267299673,-0.5123916655152063,0.39058307230898837,0.36434633211852774,4146566.6044943295,77330.97283649746,4836284.628856607,-0.30996309220778767,0.3750690495410215,0.26331148400577853
1746544798.4624074,2025/05/06 - 15:19:58,49.38574316666666,1.0683493333333334,0.94916,-0.14396,0.333792,-7.77,-0.98,-1.61,-0.4751607247223846,-0.3196960841613092,-0.1297486849795441,4146565.1272083283,77326.70024530697,4836285.685032363,68.75619949662884,185.06124824762855,77.42533267299673,0.445176522178115,0.5022727512559583,-0.7632733677465552,4146565.8354398464,77329.38254633274,4836284.907451726,-0.011765569268142734,0.32068495857903656,-0.3385908898861606
1746544799.4444072,2025/05/06 - 15:19:59,49.38574883333333,1.0683281666666666,1.210728,-0.178608,0.162992,-13.580000000000002,-18.200000000000003,3.3600000000000003,-0.4862653419053185,-0.3109292811221508,-0.1168907071887784,4146564.6775395363,77325.15946980446,4836286.09520719,55.17619949662884,166.86124824762857,80.78533267299673,0.5292935951746841,0.5853348160105625,-0.9495056308337192,4146565.573000543,77327.82612611461,4836284.567783098,0.33169336694726426,0.3526096738495007,-0.9711108193893461
1746544800.486991,2025/05/06 - 15:20:00,49.38575316666667,1.0683086666666666,1.072136,-0.01464,0.055632,3.1500000000000004,-7.280000000000001,4.48,-0.4839275277615429,-0.315020455873758,-0.119228521332554,4146564.338146811,77323.74141165393,4836286.408870261,58.32619949662884,159.58124824762857,85.26533267299673,0.01830767690753473,-0.1664034224624849,1.060546831346462,4146565.2323969183,77325.84983208698,4836285.390730827,0.16441768236313342,-0.25135338456048567,0.30073007514557415
1746544801.4718382,2025/05/06 - 15:20:01,49.3857575,1.0682893333333334,0.577792,-0.0366,0.16104,9.38,2.1,1.61,-0.4804208065458796,-0.3290473407364114,-0.1607247223845704,4146563.998528656,77322.33541560866,4836286.722533303,67.70619949662884,161.68124824762856,86.87533267299673,0.29550868431243804,-0.10706632090730057,0.5121801023930026,4146564.9300517645,77323.65940325185,4836286.740146083,0.2666077544003489,-0.6331863232009811,0.8092550045956974
1746544802.5149727,2025/05/06 - 15:20:02,49.38576333333333,1.0682713333333334,0.698328,0.026352,0.184464,24.01,7.280000000000001,0.56,-0.4810052600818235,-0.3243717124488603,-0.1297486849795441,4146563.530518967,77321.02355416198,4836287.144771971,91.71619949662885,168.96124824762856,87.43533267299674,-0.13383425332067983,0.6798788838257165,-0.2055151740139743,4146564.3348170635,77322.13308571199,4836287.565316305,-0.03414215606947382,-0.18356807121324253,0.5164644358739257
1746544803.5000763,2025/05/06 - 15:20:03,49.38577,1.0682563333333333,1.109224,0.074664,0.270352,26.250000000000004,16.94,7.000000000000001,-0.4792518994739918,-0.3185271770894214,-0.1186440677966101,4146562.988131636,77319.92749514806,4836287.627330386,117.96619949662885,185.90124824762856,94.43533267299674,0.7441813969443639,0.0021809085149468443,0.8690409029821232,4146564.100160806,77320.78274871095,4836288.6835429035,0.4792602789299167,-0.35887758716423046,1.166309984279462
1746544804.481584,2025/05/06 - 15:20:04,49.385776,1.068241166666667,1.101904,-0.013176,0.160552,21.000000000000004,-20.44,-0.21,-0.4886031560490941,-0.3126826417299824,-0.1057860900058445,4146562.5022318587,77318.8204236682,4836288.061632905,138.96619949662886,165.46124824762856,94.22533267299674,-0.25452245920685046,1.0365337667339098,0.31774053105593614,4146563.5120948376,77320.12038462343,4836289.654972906,0.015161365904336727,0.407875810629587,1.1533853122163904
1746544805.466226,2025/05/06 - 15:20:05,49.3857795,1.0682256666666667,0.77348,0.011224,0.05368,14.14,-1.6800000000000002,-5.460000000000001,-0.4991233196960841,-0.3302162478082992,-0.0438340151957919,4146562.227767772,77317.69316282467,4836288.314976016,153.10619949662885,163.78124824762855,88.76533267299675,-0.01230848463335299,0.42258466543582,0.6500381009760327,4146562.8296861574,77319.49347976717,4836290.461241245,-0.12206299667365735,0.45684143234761865,1.3580098620743406
1746544806.450292,2025/05/06 - 15:20:06,49.38577883333333,1.0682101666666666,1.0858,-0.145424,0.216672,-25.62,-6.090000000000001,-10.78,-0.5201636469900643,-0.3068381063705435,0.0356516656925774,4146562.304947059,77316.57245886397,4836288.266720187,127.48619949662884,157.69124824762855,77.98533267299675,-0.18746007445072568,1.0845370859231684,-0.1889300534700879,4146562.304679111,77319.10865367114,4836290.415456379,-0.3094674639718237,1.0150430402458102,0.7231534596729483
1746544807.494396,2025/05/06 - 15:20:07,49.385776666666665,1.068196666666667,1.476688,-0.058072,0.181048,-20.790000000000003,19.53,9.8,-0.5049678550555231,-0.3196960841613092,0.0473407364114552,4146562.506018946,77315.59885759206,4836288.109888737,106.69619949662884,177.22124824762855,87.78533267299674,0.6147098978742738,1.002757246912284,-0.9128898236108761,4146562.5532878353,77318.86993169469,4836289.216283453,0.2954327405287066,1.3389556074835718,-0.41934600979941633
1746544808.4808688,2025/05/06 - 15:20:08,49.3857735,1.068181,0.995032,-0.002928,0.063928,7.630000000000001,-14.000000000000002,-1.96,-0.5160724722384571,-0.3091759205143191,0.0561075394506136,4146562.7944087633,77314.4700255956,4836287.880673529,114.32619949662883,163.22124824762855,85.82533267299675,-0.3935726116194549,0.8907704816500944,0.2140387623677092,4146562.6826731865,77318.377274155,4836288.260522112,-0.07495143227289666,1.4188563828808798,-0.2841370696589248
1746544809.4665291,2025/05/06 - 15:20:09,49.38577,1.068166,0.7388319999999999,-0.020496,0.0605119999999999,17.85,6.370000000000001,10.15,-0.4973699590882525,-0.3308007013442431,0.0344827586206896,4146563.1100301696,77313.38996541579,4836287.627330386,132.17619949662884,169.59124824762856,95.97533267299676,-0.26408062663346404,0.5866929955602131,0.3687916267778605,4146562.658015329,77317.43238828756,4836287.91436363,-0.24522560266748822,1.1666270020581244,0.025086664499164323
1746544810.456638,2025/05/06 - 15:20:10,49.38576583333333,1.068150333333333,1.138504,0.10004,0.30012,11.55,25.270000000000003,11.760000000000002,-0.4886031560490941,-0.3547632963179427,-0.0210403272939801,4146563.4828138296,77312.2627066371,4836287.325731385,143.72619949662885,194.86124824762857,107.73533267299676,0.5791884372288953,0.11247256739289296,1.023797855917076,4146563.2754851715,77315.8252355177,4836288.335518458,0.3769896667604354,0.539769398106351,0.8393238192767728
1746544811.4979875,2025/05/06 - 15:20:11,49.385762666666665,1.0681363333333334,1.166808,0.141032,0.210816,7.35,8.96,-9.24,-0.4769140853302162,-0.347749853886616,-0.0970192869666861,4146563.7689538035,77311.25449280736,4836287.096516125,151.07619949662885,203.82124824762857,98.49533267299677,0.08257450584787808,0.5313681554948306,1.0661161541098607,4146563.947447214,77314.24848094561,4836289.194021641,0.42252150763772234,0.4497964115504256,1.4701455055742982
1746544812.4228327,2025/05/06 - 15:20:12,49.38576033333333,1.068125166666667,0.92964,0.0458719999999999,0.090768,14.35,-19.46,-1.1900000000000002,-0.4833430742255991,-0.3144360023378141,-0.1198129748684979,4146563.9809417273,77310.45001932135,4836286.927620661,165.42619949662884,184.36124824762857,97.30533267299677,0.03750306841549357,0.46715157348092146,0.8092814881496564,4146564.383928808,77312.95708493097,4836289.909200894,0.37639283091589315,0.39665767753670833,1.6606608594475285
1746544813.408107,2025/05/06 - 15:20:13,49.38575683333333,1.068113833333333,0.798856,-0.102968,0.17568,-5.460000000000001,-3.08,0.28,-0.5137346580946814,-0.3103448275862069,0.0169491525423728,4146564.291614576,77309.63531960706,4836286.674277452,159.96619949662883,181.28124824762855,97.58533267299677,-0.2094591670453767,0.7700890607521828,0.20670383646772864,4146564.5381570584,77312.08268151627,4836289.862823961,0.11576880262969835,0.6588467154865965,1.205646934030765
1746544814.4522054,2025/05/06 - 15:20:14,49.38575016666667,1.0680971666666663,1.062376,-0.114192,0.24644,-19.81,3.850000000000001,-7.700000000000001,-0.5055523085914669,-0.3033313851548802,0.0718877849210987,4146564.8767325645,77308.43962259733,4836286.191718907,140.15619949662883,185.13124824762855,89.88533267299677,-0.00036600547954923623,1.0133930558945243,-0.41886708171536496,4146564.8267717683,77311.44917114229,4836288.724472177,0.12577114092906208,1.0476693844468699,0.26115859500241434
1746544815.4366229,2025/05/06 - 15:20:15,49.385744333333335,1.0680816666666666,1.427888,-0.11956,0.199592,-17.71,13.650000000000002,-1.54,-0.5149035651665692,-0.2928112215078901,0.1016949152542373,4146565.389947305,77307.32704715531,4836285.769480127,122.44619949662882,198.78124824762855,88.34533267299676,0.3856151547028099,1.0292537035959382,-0.9407090233996762,4146565.5138379806,77310.93123002355,4836286.72899539,0.48567531408450626,1.3289484815619512,-0.8786782412926867
1746544816.4798045,2025/05/06 - 15:20:16,49.385739,1.0680668333333334,1.103856,-0.0170799999999999,0.061488,-39.41,0.14,-5.040000000000001,-0.5032144944476914,-0.3173582700175336,0.0713033313851548,4146565.860064986,77306.26193222412,4836285.383433198,83.03619949662883,198.92124824762854,83.30533267299676,0.3814545300296941,0.649283646247395,-0.8096256897576265,4146566.4160650885,77310.11677463054,4836284.62824943,0.7517433687754629,1.1782382491978858,-1.5315809505030067
1746544817.4690678,2025/05/06 - 15:20:17,49.385732833333336,1.068051,0.87596,-0.0458719999999999,0.0946719999999999,45.290000000000006,-10.920000000000002,11.13,-0.5178258328462887,-0.2869666861484512,0.0479251899473991,4146566.40186028,77305.12575696842,4836284.937066383,128.32619949662882,188.00124824762855,94.43533267299675,0.2641601262810011,-0.003546045516439056,0.8417718234844885,4146567.290644566,77308.53528810521,4836283.9575479245,0.8314544532481006,0.46711359195343427,-0.48653005927792514
1746544818.4506826,2025/05/06 - 15:20:18,49.38572616666666,1.068034666666667,0.748592,-0.0229359999999999,0.09028,14.910000000000002,4.340000000000001,19.32,-0.5149035651665692,-0.3156049094097019,0.059614260666277,4146566.986527031,77303.95418247295,4836284.454507602,143.2361994966288,192.34124824762856,113.75533267299676,0.17366232666065723,0.024685689551697858,0.7336883084731312,4146568.0209342013,77306.53256676225,4836284.28292649,0.7904466800045781,-0.04329176260985307,0.28276640775700723
1746544819.4908037,2025/05/06 - 15:20:19,49.385719,1.0680195,0.983808,0.089792,0.263032,42.98,23.24,8.4,-0.5037989479836353,-0.309760374050263,0.059614260666277,4146567.611816548,77302.86782744854,4836283.93575684,186.2161994966288,215.58124824762857,122.15533267299676,0.06764891624386532,0.5397306891641878,0.8655870981347755,4146568.583052054,77304.90539482748,4836284.962531144,0.6565354861954862,0.07358339614617804,0.9352674517797589
1746544820.47239,2025/05/06 - 15:20:20,49.38571233333333,1.068004,1.50792,0.016104,0.168848,37.03,10.64,-2.7300000000000004,-0.5119812974868498,-0.3080070134424313,0.0900058445353594,4146568.1953582354,77301.75656168637,4836283.453197923,223.2461994966288,226.22124824762858,119.42533267299676,1.4613247897047787,-0.06208675814739944,0.40406287354448817,4146570.003059482,77303.24389809009,4836285.304183885,1.7427087705240063,-0.29716968164821517,0.9551959604403313
1746544821.45569,2025/05/06 - 15:20:21,49.38570583333333,1.0679885,1.016992,-0.037576,0.125416,-6.930000000000001,-14.7,-1.89,-0.5055523085914669,-0.3132670952659263,0.0701344243132671,4146568.764833836,77300.64503339861,4836282.9827029165,216.3161994966288,211.5212482476286,117.53533267299676,0.24300791531436772,0.9637398601651725,-0.2521239614145749,4146571.127651787,77302.24719392524,4836284.772263296,1.4953620363736952,0.3340744552874731,0.33168526053754666
1746544822.4396667,2025/05/06 - 15:20:22,49.38569866666666,1.0679713333333334,0.713456,0.027816,0.1917839999999999,-13.72,-5.6000000000000005,-13.650000000000002,-0.4956165984804208,-0.3278784336645237,-0.0461718293395675,4146569.392820564,77299.41393483568,4836282.463951939,202.5961994966288,205.9212482476286,103.88533267299675,0.6774557927380985,0.24431340457251768,-0.16714935141896214,4146572.0591473137,77301.2100852507,4836283.72749992,1.619476121954607,0.205633493899833,-0.09768769010362094
1746544823.4779203,2025/05/06 - 15:20:23,49.38569183333333,1.0679548333333333,0.781776,0.0458719999999999,0.147376,8.96,3.71,-1.12,-0.4967855055523086,-0.3378141437755698,0.0245470485096434,4146569.9917759937,77298.23055902286,4836281.969328843,211.5561994966288,209.6312482476286,102.76533267299675,0.5744039771505559,0.05814095030060777,0.5492516189031819,4146572.8560154755,77299.84566149164,4836283.077642964,1.5994656430324699,-0.07140711502515373,0.22155594948420365
1746544824.518708,2025/05/06 - 15:20:24,49.38568316666667,1.0679391666666669,0.965264,-0.081008,0.196176,-16.73,7.35,-4.130000000000001,-0.5073056691992986,-0.303915838690824,0.075978959672706,4146570.744329802,77297.11037651973,4836281.342001893,194.82619949662882,216.9812482476286,98.63533267299675,0.970445597779169,-0.0745132281542821,0.17165380659064716,4146573.8864314696,77298.26235489835,4836282.473330755,1.9178321582005493,-0.38498994811519793,0.15842553696071776
1746544825.5019355,2025/05/06 - 15:20:25,49.3856735,1.0679251666666667,1.342976,-0.141032,0.26108,-24.85,47.11000000000001,-16.240000000000002,-0.5078901227352426,-0.298655756867329,0.0695499707773232,4146571.5790291224,77296.11238567714,4836280.642290931,169.97619949662882,264.0912482476286,82.39533267299674,0.1183838216263915,1.0156020529885574,-0.9198777466286255,4146574.5141848195,77297.46065191718,4836280.998966321,1.427084310326343,0.35080695979824034,-0.835472908487216
1746544826.4874492,2025/05/06 - 15:20:26,49.385663,1.0679108333333334,1.147288,-0.031232,0.223016,-39.620000000000005,-9.590000000000002,6.300000000000001,-0.5032144944476914,-0.3103448275862069,0.026884862653419,4146572.484506393,77295.0915816247,4836279.882259904,130.35619949662882,254.50124824762858,88.69533267299674,-0.14957773997042528,0.9449627951665472,-0.6720514448168137,4146574.648258065,77297.17576149646,4836279.156757323,0.8284640648291828,0.8632407528570787,-1.3569610973042825
1746544827.4713352,2025/05/06 - 15:20:27,49.3856535,1.0678973333333333,0.928176,-0.0151279999999999,0.144448,27.58,-10.080000000000002,15.12,-0.5055523085914669,-0.304500292226768,0.0239625949736995,4146573.30446474,77294.12951343558,4836279.194612644,157.93619949662883,244.42124824762857,103.81533267299675,0.4605305252051163,0.0006023651942383967,0.8188504384650916,4146575.0187173723,77296.3462748904,4836278.4871346885,0.933236437677275,0.40379951386890933,-0.391288046258052
1746544828.455557,2025/05/06 - 15:20:28,49.3856475,1.067885,0.751032,-0.0185439999999999,0.095648,20.860000000000003,-6.44,16.8,-0.5061367621274109,-0.2910578609000584,0.064874342489772,4146573.8274687547,77293.24637216369,4836278.760309043,178.79619949662884,237.98124824762857,120.61533267299674,0.5705266983515149,-0.08331432446612062,0.4910188333158652,4146575.6448102486,77295.00288907613,4836278.612069863,1.1266109940287141,-0.04404405186968885,0.1304948040014872
1746544829.437674,2025/05/06 - 15:20:29,49.38564233333333,1.06787,0.842288,-0.040992,0.12932,25.480000000000004,29.33,-0.7000000000000001,-0.5002922267679719,-0.2863822326125073,0.1081239041496201,4146574.2837412804,77292.16892941018,4836278.3863253435,204.27619949662886,267.31124824762855,119.91533267299674,0.6859131481533479,0.31494107912347086,-0.39772899225340264,4146576.4399144454,77293.66342342243,4836278.3353092745,1.365054401184418,-0.039254707984381076,-0.25664684412203903
1746544830.4249902,2025/05/06 - 15:20:30,49.38563616666666,1.0678536666666667,1.222928,0.010248,0.137128,38.36000000000001,14.63,3.08,-0.5067212156633548,-0.2846288720046756,0.1022793687901811,4146574.826206452,77290.99656433304,4836277.939957651,242.63619949662888,281.94124824762855,122.99533267299674,-0.013581075362870825,0.689580578922113,1.0191938886381877,4146576.8339113602,77292.67886941729,4836278.595122196,0.9348151418997668,0.30119778022229526,0.6265810127799645
1746544831.411795,2025/05/06 - 15:20:31,49.38562833333333,1.0678405,1.069696,-0.081984,0.131272,16.94,-25.76,9.38,-0.5043834015195792,-0.2191700759789596,0.1221507890122735,4146575.5050567,77290.05599680738,4836277.372949962,259.5761994966289,256.18124824762856,132.37533267299673,0.5858125613409724,0.7447947642104872,-0.5199111932203174,4146577.3984129718,77292.0725318905,4836278.16028465,1.1277002453612432,0.6275018378306512,-0.05672542835951261
1746544832.4500773,2025/05/06 - 15:20:32,49.38562066666667,1.0678293333333333,0.935984,-0.079544,0.0341599999999999,-13.79,-3.5000000000000004,-3.1500000000000004,-0.5137346580946814,-0.1987142022209234,0.1759205143191116,4146576.1671430394,77289.25990961146,4836276.818006178,245.78619949662888,252.68124824762856,129.22533267299673,0.43719882676792937,0.6732202314175795,-0.4890724973608789,4146578.090806765,77291.61775931394,4836277.047974019,1.1656819206516784,0.8113984783455579,-0.5935230582565427
1746544833.436463,2025/05/06 - 15:20:33,49.38561266666667,1.0678205,0.752984,-0.033184,0.10248,-47.39000000000001,4.83,-9.31,-0.5067212156633548,-0.277030976037405,0.1022793687901811,4146576.854213055,77288.63321314748,4836276.238934311,198.39619949662887,257.51124824762854,119.91533267299673,0.49017484692528196,-0.052726219719605324,0.5792553821138448,4146578.8525257874,77290.73602629351,4836276.466885735,1.2411477380502882,0.32227630067715146,-0.06157434267781671
1746544834.4282968,2025/05/06 - 15:20:34,49.385606,1.0678145,0.908656,-0.1600639999999999,0.2269199999999999,-13.79,8.4,-10.43,-0.5008766803039159,-0.2752776154295733,0.1069549970777323,4146577.4249352193,77288.20947148842,4836275.756374351,184.60619949662888,265.9112482476285,109.48533267299672,-0.4206875968257565,0.6124013203068147,0.5922461191054276,4146578.947557178,77290.10863506322,4836276.4416690655,0.5044710247632103,0.5405449758199043,0.3884528426479771
1746544835.4694853,2025/05/06 - 15:20:35,49.385600833333335,1.0678085,1.40788,-0.246928,0.239608,-14.560000000000002,-15.68,1.2600000000000002,-0.5008766803039159,-0.2180011689070718,0.1496201052016364,4146577.869065881,77287.783370181,4836275.382390335,170.04619949662887,250.2312482476285,110.74533267299672,-0.10457949184011431,0.25738631457788497,1.4224369723128254,4146578.765573845,77289.54448629267,4836277.225889365,0.21383959938797406,0.43244757918133914,1.4283092101671697
1746544836.45473,2025/05/06 - 15:20:36,49.3855955,1.0678016666666668,1.061888,-0.10736,0.029768,9.66,-9.38,9.8,-0.5131502045587376,-0.1805961426066627,0.1589713617767387,4146578.328386274,77287.2972214121,4836274.996342278,179.70619949662887,240.85124824762852,120.54533267299672,-0.4566847201108445,0.9467217274077043,0.187551233638845,4146578.41189954,77289.40188687872,4836277.488877813,-0.26017659485401945,0.9423889372994132,1.0985855567921123
1746544837.436787,2025/05/06 - 15:20:37,49.385587666666666,1.0677906666666666,0.864248,-0.02928,0.0243999999999999,14.77,-1.6800000000000002,12.39,-0.5172413793103449,-0.1881940385739333,0.1484511981297487,4146579.004312658,77286.51345729621,4836274.429334119,194.47619949662888,239.1712482476285,132.9353326729967,-0.2522371184124447,0.5470103393036869,0.6209133664963674,4146578.311871144,77289.11104893408,4836277.302933254,-0.3687116071262021,0.9503221392436445,1.1231420620392392
1746544838.4208665,2025/05/06 - 15:20:38,49.3855805,1.0677766666666666,0.909144,0.030744,0.108336,21.14,15.890000000000002,18.9,-0.5131502045587376,-0.2209234365867913,0.1671537112799532,4146579.6280226517,77285.51152986995,4836273.910581895,215.6161994966289,255.06124824762853,151.8353326729967,-0.11685780987593161,0.5183234430032009,0.7462638647772706,4146578.5929925176,77288.42672023003,4836277.048850567,-0.27077003380707354,0.8636573110900536,1.218122304246342
1746544839.461265,2025/05/06 - 15:20:39,49.385570666666666,1.0677623333333333,1.14924,-0.0302559999999999,0.172264,12.88,10.010000000000002,-3.01,-0.5020455873758036,-0.260666277030976,0.1338398597311513,4146580.477233256,77284.48967285067,4836273.198805463,228.4961994966289,265.07124824762855,148.82533267299672,-0.2338414238852508,1.1055591318585845,0.27276378658357664,4146579.1878728834,77287.8901605435,4836276.308006097,-0.23703102333202375,1.263514613474053,0.8456349464211226
1746544840.4536188,2025/05/06 - 15:20:40,49.38556483333333,1.0677511666666666,1.12484,-0.111752,0.145424,31.360000000000003,-2.45,10.22,-0.5143191116306254,-0.2267679719462302,0.1402688486265342,4146580.984595223,77283.69070008071,4836272.776565139,259.8561994966289,262.62124824762856,159.04533267299672,1.1059362384325935,-0.14625074062930482,0.2332754429144781,4146580.70045272,77286.71244855154,4836275.364358927,0.9278731933571404,0.4901616402516158,0.5418665958468027
1746544841.4358573,2025/05/06 - 15:20:41,49.385564333333335,1.0677428333333334,0.799832,-0.0473359999999999,0.123464,-6.16,-3.22,-4.130000000000001,-0.5143191116306254,-0.2086499123319696,0.157218001168907,4146581.038032749,77283.08839078329,4836272.74037311,253.6961994966289,259.40124824762853,154.91533267299673,0.5537611040106752,0.4767423430310575,-0.3511134609526324,4146582.1287632147,77285.55863728622,4836274.2175763715,1.2552754469679102,0.45425473004416617,-0.11581025776462867
1746544842.4231212,2025/05/06 - 15:20:42,49.38556066666666,1.0677326666666669,0.677832,-0.073688,0.135176,-20.090000000000003,14.840000000000002,-14.490000000000002,-0.5149035651665692,-0.2109877264757451,0.1706604324956166,4146581.361191424,77282.35838127241,4836272.474964878,233.6061994966289,274.2412482476285,140.42533267299672,-0.1462311697978474,0.67853111592073,0.03702245603578659,4146582.7816140703,77284.73903455948,4836273.202421598,0.8142645424515236,0.6387298364186376,-0.2297565994439167
1746544843.4651206,2025/05/06 - 15:20:43,49.385552833333335,1.0677206666666668,1.089216,-0.163968,0.146888,-4.130000000000001,22.750000000000004,-10.920000000000002,-0.5032144944476914,-0.1829339567504383,0.1934541203974284,4146582.038465347,77281.50224426246,4836271.907956317,229.4761994966289,296.9912482476285,129.5053326729967,0.4532782253826616,-0.05041937156204729,1.0133359865263019,4146583.4555534087,77283.56343403462,4836273.00154179,0.9734550581229612,0.16055258877880768,0.5566280382248368
1746544844.5079305,2025/05/06 - 15:20:44,49.385541333333336,1.0677035,1.362984,-0.214232,0.1708,-13.510000000000002,28.000000000000004,-1.1900000000000002,-0.5113968439509059,-0.1782583284628872,0.1922852133255406,4146583.03215321,77280.27795460932,4836271.075539329,215.96619949662892,324.9912482476285,128.3153326729967,-0.5670433937163283,0.7241450853946703,1.04253012379567,4146583.7378866742,77282.45718012821,4836273.2130877795,0.2599510853032583,0.4324438875273706,1.1555536004595997
1746544845.4354928,2025/05/06 - 15:20:45,49.385529,1.0676905,0.89304,-0.049288,-0.00732,8.82,8.05,12.18,-0.5032144944476914,-0.1747516072472238,0.1975452951490356,4146584.09054913,77279.35652316724,4836270.182802054,224.7861994966289,333.0412482476285,140.4953326729967,0.2190625928936615,0.6463955117706821,-0.5780897453695436,4146584.320802439,77281.64828364374,4836272.260540984,0.4312293024702063,0.6032312786157319,0.1462715391176942
1746544846.4191236,2025/05/06 - 15:20:46,49.38551683333333,1.0676795,0.780312,0.0136639999999999,0.142008,1.2600000000000002,12.95,7.630000000000001,-0.499707773232028,-0.2016364699006429,0.1876095850379894,4146585.1321814293,77278.57957223449,4836269.302128575,226.0461994966289,345.9912482476285,148.1253326729967,0.6949413418532681,0.2530323555320677,-0.28682913509801017,4146585.6399728814,77280.74111443374,4836270.611999906,1.0207888905190734,0.4076796596452543,-0.41239466113300394
1746544847.4640071,2025/05/06 - 15:20:47,49.38550416666666,1.0676651666666666,1.019432,-0.033672,0.198616,32.27,15.47,16.03,-0.5002922267679719,-0.1876095850379894,0.201052016364699,4146586.2205063053,77277.56216869902,4836268.385262805,258.3161994966289,361.46124824762853,164.1553326729967,-0.29230756704894495,0.6508526032726293,0.7554938098509929,4146586.695369484,77279.8703894324,4836269.562543924,0.6299331609752525,0.5795081518131279,0.09877847643291982
1746544848.4550502,2025/05/06 - 15:20:48,49.38549166666667,1.067652,1.430816,-0.216184,0.193736,37.1,-6.580000000000001,0.8400000000000001,-0.5073056691992986,-0.1636469900642899,0.1963763880771478,4146587.293191519,77276.62893602384,4836267.480460826,295.4161994966289,354.88124824762855,164.9953326729967,1.3466755200395597,-0.2828652321989567,0.4878072258046323,4146588.5386751355,77278.47537547874,4836268.878860414,1.7181339720970588,-0.08654791036294496,0.29637640396772147
1746544849.4444556,2025/05/06 - 15:20:49,49.38548033333333,1.06764,0.947208,-0.091256,0.070272,-16.03,-11.48,-1.12,-0.5073056691992986,-0.1876095850379894,0.1811805961426066,4146588.265843016,77275.77830151637,4836266.660106833,279.38619949662893,343.40124824762853,163.8753326729967,0.6851005235955409,-0.1529051860142598,0.6463173241087233,4146590.465477226,77276.8438685282,4836268.415904941,1.9467453017181295,-0.4605897854668555,0.5783136599955547
1746544850.4262478,2025/05/06 - 15:20:50,49.38547,1.067628,0.730536,-0.038064,0.023912,-17.71,-6.16,-7.910000000000001,-0.5037989479836353,-0.1700759789596727,0.1829339567504383,4146589.154100066,77274.92609385173,4836265.912136852,261.67619949662895,337.2412482476285,155.9653326729967,-0.034740923883764305,0.24888046629461882,0.6874264184919543,4146591.546917329,77275.56225010422,4836268.090773916,1.4154239833202427,-0.34373056782105466,0.8136084135985989
1746544851.4098065,2025/05/06 - 15:20:51,49.385457,1.0676153333333334,1.050176,-0.173728,0.182512,-7.630000000000001,-0.77,0.56,-0.5125657510227937,-0.1484511981297487,0.1905318527177089,4146590.2683068523,77274.02983199975,4836264.971142134,254.04619949662896,336.4712482476285,156.5253326729967,-0.28044895795068725,1.0190576717994853,-0.2218817762570564,4146591.9812906994,77275.13204902483,4836267.020910589,0.7794801834564208,0.44658445253026846,0.16633902252530142
1746544852.450161,2025/05/06 - 15:20:52,49.38544366666667,1.0676031666666663,1.455704,-0.277184,0.20252,-5.460000000000001,-1.6800000000000002,-1.54,-0.5055523085914669,-0.1461133839859731,0.1829339567504383,4146591.4099702556,77273.17027972871,4836264.006019089,248.58619949662895,334.7912482476285,154.98533267299672,0.9576548675743934,0.6308491297753201,-0.9601281091316892,4146593.066290043,77274.93547194405,4836264.891759689,1.3933996784276532,0.7111039589509931,-0.9776064733600558
1746544853.4366813,2025/05/06 - 15:20:53,49.38543166666667,1.0675915,1.03944,-0.127368,0.0243999999999999,4.69,-19.81,-8.33,-0.5061367621274109,-0.1022793687901811,0.1881940385739333,4146592.438433512,77272.34481589128,4836263.137408124,253.27619949662895,314.9812482476285,146.6553326729967,-0.3765924018827088,0.7096603592505436,0.672170974065826,4146593.7617975245,77274.70261832385,4836263.512343157,0.7421700806339364,0.9314505372063666,-0.38324561442495897
1746544854.4205842,2025/05/06 - 15:20:54,49.3854195,1.0675808333333334,0.682712,-0.0741759999999999,0.043432,19.46,-4.48,18.270000000000003,-0.5090590298071304,-0.1256575102279369,0.1765049678550555,4146593.4796134545,77271.59198545678,4836262.256732902,272.73619949662896,310.5012482476285,164.92533267299672,0.474929048327365,0.3296281115506573,-0.3731913713825801,4146594.630763806,77274.1311832509,4836262.223916353,0.9782013641935788,0.7341199620692005,-0.7496265806744671
1746544855.4604156,2025/05/06 - 15:20:55,49.385406333333336,1.067572,0.766648,-0.017568,0.10004,19.74,17.220000000000002,8.120000000000001,-0.5014611338398597,-0.1157218001168907,0.2004675628287551,4146594.6027146126,77270.97340879966,4836261.303673169,292.47619949662896,327.7212482476285,173.04533267299672,0.5456442991338374,-0.05540085808955023,0.5452236567443536,4146595.9043231057,77273.08302937279,4836261.414578043,1.2537233815293605,0.24091040345242098,-0.22741896748003476
1746544856.4449618,2025/05/06 - 15:20:56,49.385392,1.0675653333333333,1.265384,-0.046848,0.164456,11.97,23.1,6.65,-0.5020455873758036,-0.1443600233781414,0.2080654587960257,4146595.8213531263,77270.51347201364,4836260.266164814,304.446199496629,350.82124824762855,179.69533267299673,0.2738545359078216,0.27471964261725224,1.2165401718064888,4146597.215038208,77272.12181919714,4836261.435643047,1.238347018640862,0.18185040845327566,0.7464198617133213
1746544857.430482,2025/05/06 - 15:20:57,49.38537816666667,1.0675541666666666,1.163392,-0.128832,0.0531919999999999,7.700000000000001,3.71,-0.14,-0.5102279368790181,-0.1426066627703097,0.2039742840444184,4146597.003863094,77269.72707565044,4836259.264848325,312.146199496629,354.5312482476285,179.55533267299674,-0.32218213739716256,0.8090506335598954,0.7839284160116458,4146598.0276249116,77271.57158722449,4836261.512209362,0.7037040071190533,0.6081103043657532,1.0639543546299761
1746544858.4753244,2025/05/06 - 15:20:58,49.385364333333335,1.0675475,1.033096,-0.132248,0.101504,-9.1,3.5000000000000004,0.98,-0.5073056691992986,-0.1309175920514319,0.1800116890707188,4146598.180303971,77269.26635188451,4836258.263531554,303.04619949662896,358.0312482476285,180.53533267299673,1.037807198232129,-0.11768169429557399,0.06470841414608608,4146599.4858695907,77270.8196592436,4836260.805363768,1.4705677026745778,0.1680713648533329,0.6011573620120478
1746544859.461728,2025/05/06 - 15:20:59,49.38535183333333,1.0675408333333334,0.6822239999999999,-0.035136,0.0356239999999999,-10.99,-10.57,-8.89,-0.5137346580946814,-0.1373465809468147,0.1887784921098772,4146599.244219271,77268.80353101609,4836257.358727,292.05619949662895,347.46124824762853,171.64533267299674,0.24810408784237506,0.03286460496345649,0.6366297773309845,4146600.895049549,77269.91876189914,4836259.961042825,1.3760756535161658,-0.03050744229112054,0.6977295932072967
1746544860.4493363,2025/05/06 - 15:21:00,49.38533916666667,1.0675346666666667,1.189256,-0.153232,0.1586,-12.39,8.33,-1.05,-0.5026300409117476,-0.1151373465809468,0.2057276446522501,4146600.3215256864,77268.37715791311,4836256.44185815,279.66619949662896,355.7912482476285,170.59533267299673,1.2062468811110143,-0.08900584454380184,-0.003203249443134659,4146602.706118436,77269.00270991739,4836258.7218703665,2.087448970030034,-0.2493338401569682,0.22135633474815675
1746544861.4422724,2025/05/06 - 15:21:01,49.38532583333333,1.0675301666666666,1.425448,-0.166896,0.00732,-5.8100000000000005,-17.01,-0.7000000000000001,-0.4938632378725891,-0.09760374050263,0.2139099941554646,4146601.4528468405,77268.07245272236,4836255.4767327905,273.85619949662896,338.7812482476285,169.89533267299674,-0.48861803658059044,0.864297053540141,1.0363652230222506,4146603.633205553,77268.8749110386,4836257.911177524,1.1463419755791517,0.44842936500744257,0.752502231172546
1746544862.4292383,2025/05/06 - 15:21:02,49.3853115,1.0675288333333333,1.033584,-0.01952,0.035136,1.1900000000000002,-18.55,7.210000000000001,-0.5096434833430742,-0.0911747516072472,0.1753360607831677,4146602.6642911616,77267.99849753201,4836254.439222736,275.04619949662896,320.2312482476285,177.10533267299675,0.8137321165715375,0.4430581068508452,-0.45983802622853054,4146604.7457164065,77269.13058133774,4836256.430097272,1.5281167566636016,0.6565465795538418,-0.12050117860442738
1746544863.4150765,2025/05/06 - 15:21:03,49.3852995,1.0675301666666666,0.722728,-0.02928,0.020496,16.450000000000003,5.250000000000001,21.14,-0.5055523085914669,-0.0970192869666861,0.1876095850379894,4146603.6752199144,77268.11386458353,4836253.570609435,291.49619949662895,325.4812482476285,198.24533267299677,-0.06108388002267998,0.2806378127396559,0.6641719235725616,4146605.549026135,77269.39125505237,4836255.249210108,1.078162632909008,0.6720880672242665,0.19531142921368533
1746544864.455473,2025/05/06 - 15:21:04,49.38528816666667,1.0675331666666668,0.767624,-0.0356239999999999,0.102968,23.730000000000004,4.62,13.510000000000002,-0.5037989479836353,-0.1046171829339567,0.2016364699006429,4146604.6276382497,77268.34880311553,4836252.750252234,315.22619949662896,330.1012482476285,211.75533267299676,0.6696121637708957,-0.11548431580895832,0.37336444221188997,4146606.5232827864,77269.37665406846,4836254.352176986,1.3543724560726753,0.34329426070817093,0.23622907834638057
1746544865.4395835,2025/05/06 - 15:21:05,49.38527716666667,1.0675368333333333,1.284416,-0.020984,0.214232,14.63,19.6,-5.460000000000001,-0.5073056691992986,-0.1180596142606662,0.2033898305084746,4146605.5510260584,77268.63146548744,4836251.9540230045,329.85619949662896,349.70124824762854,206.29533267299675,0.3715770361831315,0.24434499912051144,1.224045001918703,4146607.5192227764,77269.46655064389,4836254.139692862,1.3174904269249625,0.41433437655626704,1.006682902730043
1746544866.4776442,2025/05/06 - 15:21:06,49.385265833333335,1.0675385,1.143384,-0.163968,-0.00976,-17.150000000000002,-28.840000000000003,13.02,-0.4903565166569257,-0.1151373465809468,0.2431326709526592,4146606.505242173,77268.76990830795,4836251.133665429,312.706199496629,320.8612482476285,219.31533267299676,-0.25480272147144906,0.5028739350053658,1.0082167984629902,4146608.0222464455,77269.82851043371,4836254.166839809,0.7478644250287889,0.6975170424500942,1.385426254400262
1746544867.461344,2025/05/06 - 15:21:07,49.385255666666666,1.0675406666666667,0.7759199999999999,-0.10004,0.019032,3.08,-3.1500000000000004,4.69,-0.5055523085914669,-0.0905902980713033,0.1992986557568673,4146607.36032434,77268.94270243832,4836250.397756268,315.78619949662897,317.71124824762853,224.00533267299676,0.20716124626278887,0.6916036629668877,-0.3019779072078482,4146608.506587142,77270.48361753277,4836253.224399697,0.7171422176112414,1.0693352218497396,0.49683618464958224
1746544868.4463527,2025/05/06 - 15:21:08,49.38524516666666,1.0675425,0.95892,-0.244976,0.098088,2.1700000000000004,14.420000000000002,2.03,-0.5078901227352426,-0.1338398597311513,0.2039742840444184,4146608.2439871794,77269.09189684861,4836249.637718777,317.956199496629,332.13124824762855,226.03533267299676,-0.29489615616985315,0.9426411390459091,0.11673047063417835,4146608.8265657336,77271.38793647382,4836251.84603596,0.30134377075299523,1.5354801902179922,0.1552754873582643
1746544869.4298952,2025/05/06 - 15:21:09,49.38523516666667,1.067543666666667,1.355176,-0.194712,0.056608,-18.62,4.2700000000000005,-11.27,-0.4798363530099357,-0.0642898889538281,0.2402104032729398,4146609.0863520335,77269.19205701469,4836248.913873397,299.336199496629,336.40124824762853,214.76533267299675,-0.4042226638527461,0.7010011317964675,1.1058122222293714,4146608.9640201405,77272.12614424818,4836251.189981549,-0.07749140503779126,1.627571390394456,0.788727909446806
1746544870.4112773,2025/05/06 - 15:21:10,49.38522616666667,1.0675468333333331,0.942328,-0.043432,-0.004392,-5.74,-8.47,1.33,-0.5026300409117476,-0.0637054354178842,0.18468731735827,4146609.8416257454,77269.43538857995,4836248.262412429,293.59619949662897,327.9312482476285,216.09533267299676,0.9184235235300943,-0.1353310769694416,0.167545274194343,4146610.001857289,77272.1022553287,4836250.471144697,0.8076793313442447,0.9387865404457622,0.49789587334723934
1746544871.452096,2025/05/06 - 15:21:11,49.38521566666667,1.067552,0.706136,-0.084912,0.017568,23.8,-16.03,25.62,-0.5119812974868498,-0.0748100526008182,0.1718293395675043,4146610.7207928062,77269.82582319078,4836247.502374482,317.396199496629,311.9012482476285,241.71533267299677,-0.094222309571034,0.7032939964416921,0.05144359835949888,4146611.071438459,77272.24473367461,4836249.379256346,0.6406876718746297,1.1400850268387985,0.15983094087441102
1746544872.4375086,2025/05/06 - 15:21:12,49.3852055,1.0675531666666669,0.95404,0.11712,0.18788,19.67,26.320000000000004,-7.000000000000001,-0.4991233196960841,-0.0806545879602571,0.1817650496785505,4146611.577222901,77269.92624564593,4836246.766464569,337.066199496629,338.22124824762847,234.71533267299677,0.3476257998088534,0.9115691608227983,-0.08605973939115949,4146612.1795325377,77272.69671935697,4836248.068280024,0.8633163974465858,1.4766989038860838,-0.19639403122968188
1746544873.4235928,2025/05/06 - 15:21:13,49.38519516666667,1.0675541666666666,1.48352,-0.076616,0.228872,24.500000000000004,-1.6800000000000002,9.52,-0.510812390414962,-0.1244886031560491,0.1811805961426066,4146612.4479432586,77270.01486823268,4836246.018490404,361.566199496629,336.54124824762846,244.23533267299678,0.5906329806061135,1.3276241132381976,-0.384253679759644,4146613.5365206585,77273.55651903764,4836246.520305062,1.2280373524435908,2.0693256643352793,-0.6847891030596043
1746544874.464965,2025/05/06 - 15:21:14,49.385184333333335,1.0675556666666666,1.178032,-0.128832,0.07564,11.830000000000002,-1.1900000000000002,14.21,-0.5008766803039159,-0.0765634132086499,0.2016364699006429,4146613.360186048,77270.14046319343,4836245.23432377,373.396199496629,335.35124824762846,258.44533267299676,0.963696472691121,0.5211155761373163,-0.4580460148039324,4146615.2538907127,77274.01167964526,4836244.876444875,1.7987340653734858,1.7870492628687316,-1.0685646561773543
1746544875.4462748,2025/05/06 - 15:21:15,49.38517233333333,1.067559666666667,0.829112,-0.09028,0.060024,-14.21,4.48,-8.4,-0.5037989479836353,-0.0642898889538281,0.1782583284628872,4146614.3675164892,77270.44882312839,4836244.36570822,359.186199496629,339.8312482476285,250.04533267299675,0.45044379211703406,-0.15201326396867454,0.6878752977399437,4146616.7634690646,77273.65716795927,4836244.089599572,1.751946792892013,0.9692094995070506,-0.32338864292461
1746544876.4297326,2025/05/06 - 15:21:16,49.385160166666665,1.0675643333333331,0.8461919999999999,-0.115656,0.1341999999999999,-27.090000000000003,28.700000000000003,-10.71,-0.5032144944476914,-0.0537697253068381,0.1975452951490356,4146615.3880132586,77270.80569336982,4836243.485028349,332.09619949662897,368.53124824762847,239.33533267299674,0.13018696950482705,0.804358996233861,-0.2889373796323435,4146617.7445504223,77273.59029352429,4836243.26416541,1.3930825621223437,1.1956815569000379,-0.5664904264607338
1746544877.4143543,2025/05/06 - 15:21:17,49.385147833333335,1.0675693333333334,1.384944,-0.2318,0.11468,-29.820000000000004,-3.5700000000000003,4.550000000000001,-0.4774985388661601,-0.015780245470485,0.2051431911163062,4146616.422125882,77271.1869499203,4836242.592284149,302.276199496629,364.9612482476285,243.88533267299675,0.9955042054306046,0.6642098061293523,-0.7434711399560772,4146619.0234896503,77273.87616226147,4836241.860285068,1.848726801486536,1.3018002183332165,-1.1580500945592713
1746544878.4524164,2025/05/06 - 15:21:18,49.3851365,1.0675758333333334,1.11508,-0.1776319999999999,-0.027816,-19.6,-9.8,-1.61,-0.4880187025131502,0.0,0.1981297486849795,4146617.3698216234,77271.67519217399,4836241.771924414,282.67619949662895,355.16124824762846,242.27533267299674,0.9611127739701345,0.2820090345389523,-0.5219802714948537,4146620.5242317836,77274.10275763698,4836240.3738224665,2.1552061163953486,1.0800175785135597,-1.3898828369449032
1746544879.438906,2025/05/06 - 15:21:19,49.38512433333333,1.0675826666666666,0.85156,-0.135176,-0.049288,13.37,-1.1900000000000002,2.5200000000000005,-0.4798363530099357,0.0134424313267095,0.1782583284628872,4146618.3873956557,77272.18886925082,4836240.891243901,296.04619949662896,353.97124824762847,244.79533267299675,0.6057509167415828,-0.32515027432253885,0.522684816590945,4146621.8032885804,77273.85421419822,4836239.724192344,2.0520581621720906,0.4092589437896926,-0.6250002848232304
1746544880.48199,2025/05/06 - 15:21:20,49.385113,1.0675906666666666,0.772992,-0.11712,0.005856,25.69,4.0600000000000005,22.4,-0.4915254237288136,-0.0409117475160724,0.1864406779661017,4146619.3330679475,77272.78567018406,4836240.070883774,321.73619949662896,358.03124824762847,267.19533267299676,-0.1366738691636074,0.765477511243986,-0.0814398702575237,4146622.2908312217,77274.19518102992,4836239.272689959,1.3015608822919806,0.8822212417937053,-0.540791316808924
1746544881.4114847,2025/05/06 - 15:21:21,49.3851015,1.0675995,1.321016,-0.066856,0.16836,21.28,13.510000000000002,12.670000000000002,-0.4938632378725891,-0.0514319111630625,0.2057276446522501,4146620.2916817027,77273.44304364368,4836239.238459336,343.01619949662893,371.54124824762846,279.8653326729968,1.3309947385875966,-0.008904421825324763,0.07919472025388721,4146623.355990162,77274.60548085907,4836238.807258233,1.9966209311001992,0.6320766968862466,-0.3721096069414298
1746544882.450848,2025/05/06 - 15:21:22,49.385089,1.0676066666666666,1.224392,-0.1063839999999999,0.066856,8.82,-15.61,0.77,-0.4926943308007013,-0.0479251899473991,0.2074810052600818,4146621.336936626,77273.98136978457,4836238.333649942,351.8361994966289,355.93124824762845,280.63533267299675,0.01673253081636882,0.18019471883261956,1.2174452495177401,4146624.140558609,77274.98375200284,4836239.056013519,1.4315189307514764,0.6042474411697467,0.6954238228842777
1746544883.4960847,2025/05/06 - 15:21:23,49.385078666666665,1.0676128333333332,1.057496,-0.0917439999999999,0.092232,-6.86,6.580000000000001,3.01,-0.5078901227352426,-0.0526008182349503,0.1753360607831677,4146622.2006871453,77274.44391641418,4836237.585674003,344.9761994966289,362.51124824762843,283.64533267299674,-0.24797253759578963,0.9941848375466412,0.29210892277823886,4146624.2583149695,77275.94831303759,4836239.117813768,0.7565277267160819,1.2862254586067814,0.6695684026593794
1746544884.4863887,2025/05/06 - 15:21:24,49.3850685,1.067623,0.7129679999999999,-0.076128,0.0605119999999999,-10.010000000000002,-5.8100000000000005,-11.2,-0.5061367621274109,-0.0385739333722969,0.1741671537112799,4146623.04497706,77275.19569000696,4836236.849762037,334.9661994966289,356.7012482476284,272.44533267299676,0.49492983454476674,-0.19519970671775508,0.48448124517548885,4146624.6557995933,77276.60380596858,4836238.862326745,0.9171642152818995,0.7988000184087412,0.7363829117071159
1746544885.417238,2025/05/06 - 15:21:25,49.385057333333336,1.0676325,1.033584,-0.226432,0.247416,-3.22,2.3800000000000003,-4.0600000000000005,-0.4991233196960841,0.0011689070718877,0.1531268264172998,4146623.9745594454,77275.90078848663,4836236.041465114,331.7461994966289,359.0812482476284,268.38533267299675,0.6612641159385341,0.6894867181454155,-0.5178029038245087,4146625.603342488,77277.44941223534,4836237.674640387,1.2404076480983306,1.1669014790994674,-0.12035219307375072
1746544886.462225,2025/05/06 - 15:21:26,49.38504616666667,1.0676423333333334,1.30296,-0.072712,0.173728,-12.46,-8.610000000000001,-6.790000000000001,-0.4938632378725891,0.0064289888953828,0.1618936294564582,4146624.9036919763,77276.63001135955,4836235.233168006,319.2861994966289,350.4712482476284,261.59533267299673,0.6938759474424999,-0.20859201723137225,1.099180947085656,4146626.863953682,77277.94898633147,4836237.02080237,1.5274712800324013,0.6845831217659036,0.6078417205864348
1746544887.4478586,2025/05/06 - 15:21:27,49.385033,1.0676533333333331,0.8720559999999999,-0.066368,-0.006344,7.910000000000001,-8.75,9.66,-0.4845119812974868,0.0263004091174751,0.1654003506721215,4146626.0000378015,77277.44681442427,4836234.280101031,327.19619949662894,341.7212482476284,271.25533267299676,0.4804959607433196,0.6158303069249512,-0.39345049202927,4146628.154558578,77278.74478464185,4836235.843288288,1.5608404192283385,1.0310461967238458,-0.11001638793827356
1746544888.4356158,2025/05/06 - 15:21:28,49.38502483333333,1.0676616666666667,0.683688,-0.035136,0.071736,10.64,15.890000000000002,6.44,-0.4897720631209818,0.021624780829924,0.1624780829924021,4146626.678012219,77278.06276117431,4836233.688958096,337.8361994966289,357.6112482476284,277.69533267299676,0.6497794882305022,0.1697809426260332,-0.15090037021797667,4146629.2659325097,77279.45532651879,4836234.482087916,1.6735498608359458,0.9118286191270082,-0.425514667324017
1746544889.4225917,2025/05/06 - 15:21:29,49.38501933333333,1.0676711666666667,1.150216,-0.0326959999999999,0.211792,18.69,-12.04,4.130000000000001,-0.4915254237288136,0.0017533606078316,0.179427235534775,4146627.1293634614,77278.7589483303,4836233.29084137,356.5261994966289,345.5712482476284,281.82533267299675,1.0402719316186761,0.4670664480306322,-0.26192550037443335,4146630.4004647937,77280.25453451717,4836233.266382194,2.0349714618045076,1.068516673364293,-0.6823641649440653
1746544890.46549,2025/05/06 - 15:21:30,49.38501333333333,1.0676795,1.29808,-0.09272,0.136152,21.28,-0.14,0.7000000000000001,-0.4909409701928696,0.0233781414377556,0.1817650496785505,4146627.624484892,77279.37148769015,4836232.856532163,377.8061994966289,345.4312482476284,282.52533267299674,1.202285264774091,-0.24733873430162512,0.4532987365139721,4146631.641037239,77280.6016536288,4836232.728861133,2.4037032496376316,0.5658821015578204,-0.20256991142553213
1746544891.4553435,2025/05/06 - 15:21:31,49.38500616666666,1.0676893333333333,0.94184,-0.130296,0.0229359999999999,23.8,-5.32,2.5900000000000003,-0.4862653419053185,0.0520163646990064,0.1712448860315605,4146628.216042112,77280.09442063296,4836232.337773874,401.6061994966289,340.1112482476284,285.1153326729967,0.26769362331305296,-0.07734239936094406,0.9093536004275903,4146632.225439044,77280.80165792156,4836232.96467141,1.8393283563893301,0.3417670350012809,0.5766838982630991
1746544892.3865457,2025/05/06 - 15:21:32,49.385001333333335,1.0676945,1.104832,-0.096624,0.070272,24.500000000000004,-18.97,-0.8400000000000001,-0.440093512565751,0.1531268264172998,0.157218001168907,4146628.6169753456,77280.4759463073,4836231.987913591,426.1061994966289,321.14124824762837,284.27533267299674,0.5574020784899056,-0.1488120533665454,0.9497820777694036,4146632.389206763,77280.84095879438,4836233.638677405,1.6138807812910696,0.11720408847488678,1.1838836322633233
1746544893.4280162,2025/05/06 - 15:21:33,49.384997166666665,1.0677003333333333,1.312232,-0.1034559999999999,0.040992,-1.33,6.510000000000001,-8.89,-0.5055523085914669,0.0531852717708942,-0.1537112799532437,4146628.960746973,77280.90467170985,4836231.68630987,424.7761994966289,327.65124824762836,275.38533267299675,1.3140510841023425,0.0019217875081080082,-0.08719154159797998,4146632.9670585515,77280.9852771698,4836233.631743005,2.0965036509822523,0.10239785762369402,0.6929571426050183
1746544894.41401,2025/05/06 - 15:21:34,49.384993,1.067710333333333,0.828624,0.1122399999999999,-0.066368,2.9400000000000004,2.24,5.11,-0.499707773232028,0.1379310344827586,-0.119228521332554,4146629.2988984636,77281.63494857514,4836231.384706125,427.7161994966289,329.89124824762837,280.49533267299677,0.6360827656031861,0.49782305426526396,-0.22625468911075858,4146633.392509771,77281.77512465048,4836232.914161138,1.8830409249561815,0.5711302279202177,0.14929527583933794
1746544895.400099,2025/05/06 - 15:21:35,49.38499183333333,1.0677228333333333,0.826184,-0.0229359999999999,0.135664,23.450000000000003,-5.95,9.66,-0.4494447691408533,0.3208649912331969,-0.2489772063120982,4146629.3804972162,77282.54143777488,4836231.30025707,451.1661994966289,323.9412482476284,290.1553326729968,0.5067777119632824,0.6550921160715774,-0.12466536393932048,4146633.3454621313,77283.17233250634,4836232.101536558,1.5669710788515534,1.0952930166673491,-0.14165929467013819
1746544896.4398448,2025/05/06 - 15:21:36,49.38499166666666,1.067738,1.15412,0.023424,0.1034559999999999,82.25000000000001,-23.24,-10.080000000000002,-0.4675628287551139,0.1198129748684979,0.0111046171829339,4146629.3741053273,77283.63934701151,4836231.2881929185,533.4161994966289,300.70124824762837,280.0753326729968,0.9291521341699758,-0.1171035950103436,0.6827941576456497,4146633.320850996,77284.35816237553,4836232.009933922,1.6770566877299025,0.8290139611751755,0.3913522455720686
1746544897.4229245,2025/05/06 - 15:21:37,49.38499233333333,1.0677511666666666,1.008696,0.029768,0.116144,68.67,-12.670000000000002,-0.6300000000000001,-0.5388661601402689,-0.0952659263588544,-0.2203389830508474,4146629.300082971,77284.59120081252,4836231.3364495225,602.0861994966289,288.03124824762835,279.4453326729968,0.8566441373600369,-0.06550630580023094,0.5419528843018413,4146633.3215098213,77285.20730261874,4836232.390173946,1.699135744512665,0.635648297812951,0.7146261284155171
1746544898.4086046,2025/05/06 - 15:21:38,49.3849955,1.0677601666666667,1.012112,-0.0121999999999999,0.0829599999999999,-0.98,-3.1500000000000004,0.21,-0.5464640561075395,0.0338983050847457,-0.179427235534775,4146629.020696985,77285.23757086252,4836231.565668375,601.1061994966288,284.8812482476284,279.6553326729968,0.9170517411003474,0.41172782046586587,-0.1445621255490135,4146633.234753724,77286.1006697349,4836232.511562991,1.7416460024233205,0.8682575599197948,0.3737628775884282
1746544899.451426,2025/05/06 - 15:21:39,49.3849935,1.0677683333333332,1.00528,-0.007808,0.083448,17.290000000000003,0.07,0.07,-0.5505552308591467,0.0333138515488018,-0.1805961426066627,4146629.178468086,77285.83175744204,4836231.420898575,618.3961994966288,284.95124824762837,279.7253326729968,0.8563847740546148,-0.11399903354702653,0.5207895458683578,4146633.2761952826,77286.68362248829,4836232.637273665,1.7476311159630527,0.5774713193874277,0.6421185953978563
1746544900.435372,2025/05/06 - 15:21:40,49.384987,1.0677715,1.008696,-0.006344,0.086376,-17.430000000000003,-0.21,0.49,-0.5523085914669784,0.0362361192285213,-0.1747516072472238,4146629.7227543388,77286.07116066966,4836230.950396685,600.9661994966289,284.7412482476284,280.2153326729968,0.9240076466304865,0.39087451354792474,-0.135630615109803,4146633.639634807,77287.1641703929,4836232.235635862,1.8587701501886724,0.7415139690954444,0.23976281613039457
1746544901.4763167,2025/05/06 - 15:21:41,49.38498216666667,1.0677735,1.011136,-0.004392,0.08052,-0.49,-0.21,0.98,-0.5464640561075395,0.0350672121566335,-0.1841028638223261,4146630.127958427,77286.2235079589,4836230.6005362645,600.4761994966289,284.5312482476284,281.1953326729968,0.8987521062213121,0.4493616167758051,-0.13862741248176577,4146634.1110729584,77287.66202124595,4836231.485954926,1.9309081157910464,0.8923415077911611,-0.08261517160793344
1746544902.404915,2025/05/06 - 15:21:42,49.38498116666667,1.067777,1.004304,-0.0053679999999999,0.081496,-0.42,0.28,0.6300000000000001,-0.5441262419637639,0.0385739333722969,-0.1829339567504383,4146630.2076307624,77286.47838413694,4836230.528151345,600.0561994966289,284.8112482476284,281.8253326729968,0.8947407882415943,0.4424401884333127,-0.13777713660802277,4146634.4368761657,77288.16498928201,4836230.800232841,1.9479553235984728,0.9847612156322663,-0.27685727036611646
1746544903.3889449,2025/05/06 - 15:21:43,49.384981,1.0677793333333334,1.006744,-0.008296,0.081984,-0.6300000000000001,0.14,0.21,-0.5482174167153712,0.0309760374050263,-0.18468731735827,4146630.218548898,77286.64751511377,4836230.516087192,599.4261994966289,284.95124824762837,282.0353326729968,0.7980622225341293,0.6110428865093893,-0.10023453106668986,4146634.542509225,77288.69242386526,4836230.321086031,1.8486678159828023,1.1714250196706797,-0.33662328984485407
1746544904.4268506,2025/05/06 - 15:21:44,49.3849805,1.067782,1.00772,-0.004392,0.081984,-0.21,-0.21,1.12,-0.5505552308591467,0.0368205727644652,-0.1841028638223261,4146630.257148554,77286.84129453021,4836230.479894732,599.2161994966289,284.7412482476284,283.1553326729968,0.8466931109438504,0.5386471684001819,-0.12332991597617823,4146634.55389863,77289.16408096452,4836230.007600878,1.8036581291207674,1.2280252629676334,-0.36193825430001775
